"Image Data ID","Subject","Group","Sex","Age","Visit","Modality","Description","Type","Acq Date","Format","Downloaded"
"I328631","50002","Autism","M","17","BL","MRI","MP-RAGE","Original","1/01/2000","NiFTI","Yes"
"I328410","50003","Autism","M","24","BL","MRI","MP-RAGE","Original","1/01/2000","NiFTI","Yes"
"I328736","50004","Autism","M","19","BL","MRI","MP-RAGE","Original","1/01/2000","NiFTI","Yes"
"I329244","50005","Autism","F","14","BL","MRI","MP-RAGE","Original","1/01/2000","NiFTI","Yes"
"I329424","50006","Autism","M","13","BL","MRI","MP-RAGE","Original","1/01/2000","NiFTI","Yes"
"I329131","50007","Autism","M","18","BL","MRI","MP-RAGE","Original","1/01/2000","NiFTI","Yes"
"I328981","50008","Autism","M","32","BL","MRI","MP-RAGE","Original","1/01/2000","NiFTI","Yes"
"I329105","50009","Autism","M","34","BL","MRI","MP-RAGE","Original","1/01/2000","NiFTI","Yes"
"I329050","50010","Autism","M","35","BL","MRI","MP-RAGE","Original","1/01/2000","NiFTI","Yes"
"I329085","50011","Autism","M","17","BL","MRI","MP-RAGE","Original","1/01/2000","NiFTI","Yes"
"I328546","50012","Autism","M","21","BL","MRI","MP-RAGE","Original","1/01/2000","NiFTI","Yes"
"I329386","50013","Autism","M","9","BL","MRI","MP-RAGE","Original","1/01/2000","NiFTI","Yes"
"I328688","50014","Autism","M","14","BL","MRI","MP-RAGE","Original","1/01/2000","NiFTI","Yes"
"I329084","50015","Autism","M","14","BL","MRI","MP-RAGE","Original","1/01/2000","NiFTI","Yes"
"I328724","50016","Autism","M","22","BL","MRI","MP-RAGE","Original","1/01/2000","NiFTI","Yes"
"I329431","50017","Autism","M","23","BL","MRI","MP-RAGE","Original","1/01/2000","NiFTI","Yes"
"I328690","50019","Autism","M","28","BL","MRI","MP-RAGE","Original","1/01/2000","NiFTI","Yes"
"I328451","50020","Autism","M","21","BL","MRI","MP-RAGE","Original","1/01/2000","NiFTI","Yes"
"I329223","50022","Autism","M","17","BL","MRI","MP-RAGE","Original","1/01/2000","NiFTI","Yes"
"I328308","50023","Autism","F","13","BL","MRI","MP-RAGE","Original","1/01/2000","NiFTI","Yes"
"I328665","50024","Autism","M","23","BL","MRI","MP-RAGE","Original","1/01/2000","NiFTI","Yes"
"I328994","50025","Autism","M","32","BL","MRI","MP-RAGE","Original","1/01/2000","NiFTI","Yes"
"I328711","50026","Autism","M","16","BL","MRI","MP-RAGE","Original","1/01/2000","NiFTI","Yes"
"I328491","50027","Autism","M","12","BL","MRI","MP-RAGE","Original","1/01/2000","NiFTI","Yes"
"I328636","50028","Autism","M","13","BL","MRI","MP-RAGE","Original","1/01/2000","NiFTI","Yes"
"I329144","50029","Autism","F","11","BL","MRI","MP-RAGE","Original","1/01/2000","NiFTI","Yes"
"I329381","50030","Control","M","25","BL","MRI","MP-RAGE","Original","1/01/2000","NiFTI","Yes"
"I329165","50031","Control","M","13","BL","MRI","MP-RAGE","Original","1/01/2000","NiFTI","Yes"
"I328802","50032","Control","M","20","BL","MRI","MP-RAGE","Original","1/01/2000","NiFTI","Yes"
"I329469","50033","Control","M","12","BL","MRI","MP-RAGE","Original","1/01/2000","NiFTI","Yes"
"I328955","50034","Control","M","15","BL","MRI","MP-RAGE","Original","1/01/2000","NiFTI","Yes"
"I328429","50035","Control","M","17","BL","MRI","MP-RAGE","Original","1/01/2000","NiFTI","Yes"
"I328368","50036","Control","F","13","BL","MRI","MP-RAGE","Original","1/01/2000","NiFTI","Yes"
"I328583","50037","Control","M","19","BL","MRI","MP-RAGE","Original","1/01/2000","NiFTI","Yes"
"I329196","50038","Control","F","14","BL","MRI","MP-RAGE","Original","1/01/2000","NiFTI","Yes"
"I328971","50039","Control","M","31","BL","MRI","MP-RAGE","Original","1/01/2000","NiFTI","Yes"
"I328888","50040","Control","M","25","BL","MRI","MP-RAGE","Original","1/01/2000","NiFTI","Yes"
"I328896","50041","Control","M","28","BL","MRI","MP-RAGE","Original","1/01/2000","NiFTI","Yes"
"I328821","50042","Control","M","33","BL","MRI","MP-RAGE","Original","1/01/2000","NiFTI","Yes"
"I328578","50043","Control","M","14","BL","MRI","MP-RAGE","Original","1/01/2000","NiFTI","Yes"
"I328435","50044","Control","M","17","BL","MRI","MP-RAGE","Original","1/01/2000","NiFTI","Yes"
"I328388","50045","Control","M","16","BL","MRI","MP-RAGE","Original","1/01/2000","NiFTI","Yes"
"I328374","50046","Control","M","21","BL","MRI","MP-RAGE","Original","1/01/2000","NiFTI","Yes"
"I328616","50047","Control","M","15","BL","MRI","MP-RAGE","Original","1/01/2000","NiFTI","Yes"
"I328378","50048","Control","M","12","BL","MRI","MP-RAGE","Original","1/01/2000","NiFTI","Yes"
"I328548","50049","Control","F","16","BL","MRI","MP-RAGE","Original","1/01/2000","NiFTI","Yes"
"I328317","50050","Control","M","14","BL","MRI","MP-RAGE","Original","1/01/2000","NiFTI","Yes"
"I328879","50051","Control","M","13","BL","MRI","MP-RAGE","Original","1/01/2000","NiFTI","Yes"
"I329195","50052","Control","M","33","BL","MRI","MP-RAGE","Original","1/01/2000","NiFTI","Yes"
"I329133","50053","Autism","M","12","BL","MRI","MP-RAGE","Original","1/01/2000","NiFTI","Yes"
"I328862","50054","Control","M","9","BL","MRI","MP-RAGE","Original","1/01/2000","NiFTI","Yes"
"I329239","50055","Autism","M","17","BL","MRI","MP-RAGE","Original","1/01/2000","NiFTI","Yes"
"I329208","50056","Autism","M","14","BL","MRI","MP-RAGE","Original","1/01/2000","NiFTI","Yes"
"I328919","50057","Autism","F","13","BL","MRI","MP-RAGE","Original","1/01/2000","NiFTI","Yes"
"I328370","50058","Control","M","23","BL","MRI","MP-RAGE","Original","1/01/2000","NiFTI","Yes"
"I329321","50059","Control","F","21","BL","MRI","MP-RAGE","Original","1/01/2000","NiFTI","Yes"
"I328442","50060","Control","M","20","BL","MRI","MP-RAGE","Original","1/01/2000","NiFTI","Yes"
"I328742","50102","Control","M","14","BL","MRI","MP-RAGE","Original","1/01/2000","NiFTI","Yes"
"I328416","50103","Control","M","14","BL","MRI","MP-RAGE","Original","1/01/2000","NiFTI","Yes"
"I329209","50104","Control","M","16","BL","MRI","MP-RAGE","Original","1/01/2000","NiFTI","Yes"
"I329053","50105","Control","M","17","BL","MRI","MP-RAGE","Original","1/01/2000","NiFTI","Yes"
"I329214","50106","Control","M","10","BL","MRI","MP-RAGE","Original","1/01/2000","NiFTI","Yes"
"I329164","50107","Control","M","21","BL","MRI","MP-RAGE","Original","1/01/2000","NiFTI","Yes"
"I328592","50108","Control","M","21","BL","MRI","MP-RAGE","Original","1/01/2000","NiFTI","Yes"
"I328797","50109","Control","M","20","BL","MRI","MP-RAGE","Original","1/01/2000","NiFTI","Yes"
"I329408","50110","Control","M","13","BL","MRI","MP-RAGE","Original","1/01/2000","NiFTI","Yes"
"I329149","50111","Control","M","14","BL","MRI","MP-RAGE","Original","1/01/2000","NiFTI","Yes"
"I329185","50112","Control","M","17","BL","MRI","MP-RAGE","Original","1/01/2000","NiFTI","Yes"
"I328649","50113","Control","F","15","BL","MRI","MP-RAGE","Original","1/01/2000","NiFTI","Yes"
"I329004","50114","Control","F","20","BL","MRI","MP-RAGE","Original","1/01/2000","NiFTI","Yes"
"I329064","50115","Control","M","23","BL","MRI","MP-RAGE","Original","1/01/2000","NiFTI","Yes"
"I328747","50116","Control","M","15","BL","MRI","MP-RAGE","Original","1/01/2000","NiFTI","Yes"
"I328338","50117","Control","M","21","BL","MRI","MP-RAGE","Original","1/01/2000","NiFTI","Yes"
"I329173","50118","Autism","M","15","BL","MRI","MP-RAGE","Original","1/01/2000","NiFTI","Yes"
"I329308","50119","Autism","F","19","BL","MRI","MP-RAGE","Original","1/01/2000","NiFTI","Yes"
"I328689","50120","Autism","M","15","BL","MRI","MP-RAGE","Original","1/01/2000","NiFTI","Yes"
"I328364","50121","Autism","M","20","BL","MRI","MP-RAGE","Original","1/01/2000","NiFTI","Yes"
"I329193","50122","Autism","M","12","BL","MRI","MP-RAGE","Original","1/01/2000","NiFTI","Yes"
"I328783","50123","Autism","M","17","BL","MRI","MP-RAGE","Original","1/01/2000","NiFTI","Yes"
"I329250","50124","Autism","M","18","BL","MRI","MP-RAGE","Original","1/01/2000","NiFTI","Yes"
"I328659","50125","Autism","F","24","BL","MRI","MP-RAGE","Original","1/01/2000","NiFTI","Yes"
"I328845","50126","Autism","M","17","BL","MRI","MP-RAGE","Original","1/01/2000","NiFTI","Yes"
"I329253","50127","Autism","F","14","BL","MRI","MP-RAGE","Original","1/01/2000","NiFTI","Yes"
"I328918","50128","Autism","M","16","BL","MRI","MP-RAGE","Original","1/01/2000","NiFTI","Yes"
"I328394","50129","Autism","M","12","BL","MRI","MP-RAGE","Original","1/01/2000","NiFTI","Yes"
"I328634","50130","Autism","M","18","BL","MRI","MP-RAGE","Original","1/01/2000","NiFTI","Yes"
"I329077","50131","Autism","M","21","BL","MRI","MP-RAGE","Original","1/01/2000","NiFTI","Yes"
"I329266","50132","Autism","M","16","BL","MRI","MP-RAGE","Original","1/01/2000","NiFTI","Yes"
"I329439","50133","Autism","M","11","BL","MRI","MP-RAGE","Original","1/01/2000","NiFTI","Yes"
"I329171","50134","Autism","M","18","BL","MRI","MP-RAGE","Original","1/01/2000","NiFTI","Yes"
"I328872","50135","Autism","M","12","BL","MRI","MP-RAGE","Original","1/01/2000","NiFTI","Yes"
"I329063","50136","Autism","M","19","BL","MRI","MP-RAGE","Original","1/01/2000","NiFTI","Yes"
"I329224","50137","Autism","M","20","BL","MRI","MP-RAGE","Original","1/01/2000","NiFTI","Yes"
"I329742","50145","Autism","M","11","BL","MRI","MP-RAGE","Original","1/01/2000","NiFTI","Yes"
"I329743","50146","Autism","M","8","BL","MRI","MP-RAGE","Original","1/01/2000","NiFTI","Yes"
"I329770","50147","Autism","M","11","BL","MRI","MP-RAGE","Original","1/01/2000","NiFTI","Yes"
"I329658","50148","Autism","M","13","BL","MRI","MP-RAGE","Original","1/01/2000","NiFTI","Yes"
"I329753","50149","Autism","M","12","BL","MRI","MP-RAGE","Original","1/01/2000","NiFTI","Yes"
"I329674","50150","Autism","M","9","BL","MRI","MP-RAGE","Original","1/01/2000","NiFTI","Yes"
"I329741","50152","Autism","M","10","BL","MRI","MP-RAGE","Original","1/01/2000","NiFTI","Yes"
"I329761","50153","Autism","M","10","BL","MRI","MP-RAGE","Original","1/01/2000","NiFTI","Yes"
"I329767","50155","Autism","M","14","BL","MRI","MP-RAGE","Original","1/01/2000","NiFTI","Yes"
"I329688","50156","Autism","M","15","BL","MRI","MP-RAGE","Original","1/01/2000","NiFTI","Yes"
"I329738","50157","Control","M","11","BL","MRI","MP-RAGE","Original","1/01/2000","NiFTI","Yes"
"I329769","50158","Control","M","12","BL","MRI","MP-RAGE","Original","1/01/2000","NiFTI","Yes"
"I329698","50159","Control","M","10","BL","MRI","MP-RAGE","Original","1/01/2000","NiFTI","Yes"
"I329747","50160","Control","M","11","BL","MRI","MP-RAGE","Original","1/01/2000","NiFTI","Yes"
"I329771","50161","Control","M","9","BL","MRI","MP-RAGE","Original","1/01/2000","NiFTI","Yes"
"I329720","50162","Control","M","9","BL","MRI","MP-RAGE","Original","1/01/2000","NiFTI","Yes"
"I329683","50163","Control","M","9","BL","MRI","MP-RAGE","Original","1/01/2000","NiFTI","Yes"
"I329676","50164","Control","M","9","BL","MRI","MP-RAGE","Original","1/01/2000","NiFTI","Yes"
"I329675","50165","Control","M","10","BL","MRI","MP-RAGE","Original","1/01/2000","NiFTI","Yes"
"I329713","50166","Control","M","8","BL","MRI","MP-RAGE","Original","1/01/2000","NiFTI","Yes"
"I329754","50167","Control","M","10","BL","MRI","MP-RAGE","Original","1/01/2000","NiFTI","Yes"
"I329725","50168","Control","M","10","BL","MRI","MP-RAGE","Original","1/01/2000","NiFTI","Yes"
"I329773","50169","Control","M","12","BL","MRI","MP-RAGE","Original","1/01/2000","NiFTI","Yes"
"I329714","50170","Control","M","11","BL","MRI","MP-RAGE","Original","1/01/2000","NiFTI","Yes"
"I329670","50171","Control","M","11","BL","MRI","MP-RAGE","Original","1/01/2000","NiFTI","Yes"
"I328573","50182","Autism","M","17","BL","MRI","MP-RAGE","Original","1/01/2000","NiFTI","Yes"
"I328980","50183","Autism","M","14","BL","MRI","MP-RAGE","Original","1/01/2000","NiFTI","Yes"
"I329074","50184","Autism","M","17","BL","MRI","MP-RAGE","Original","1/01/2000","NiFTI","Yes"
"I329102","50185","Autism","F","12","BL","MRI","MP-RAGE","Original","1/01/2000","NiFTI","Yes"
"I329435","50186","Autism","M","12","BL","MRI","MP-RAGE","Original","1/01/2000","NiFTI","Yes"
"I329264","50187","Autism","M","16","BL","MRI","MP-RAGE","Original","1/01/2000","NiFTI","Yes"
"I328316","50188","Autism","M","15","BL","MRI","MP-RAGE","Original","1/01/2000","NiFTI","Yes"
"I329212","50189","Autism","M","17","BL","MRI","MP-RAGE","Original","1/01/2000","NiFTI","Yes"
"I329182","50190","Autism","M","14","BL","MRI","MP-RAGE","Original","1/01/2000","NiFTI","Yes"
"I328490","50191","Autism","M","13","BL","MRI","MP-RAGE","Original","1/01/2000","NiFTI","Yes"
"I329285","50192","Autism","M","13","BL","MRI","MP-RAGE","Original","1/01/2000","NiFTI","Yes"
"I328740","50193","Control","M","15","BL","MRI","MP-RAGE","Original","1/01/2000","NiFTI","Yes"
"I328557","50194","Control","M","13","BL","MRI","MP-RAGE","Original","1/01/2000","NiFTI","Yes"
"I328744","50195","Control","M","13","BL","MRI","MP-RAGE","Original","1/01/2000","NiFTI","Yes"
"I329179","50196","Control","M","13","BL","MRI","MP-RAGE","Original","1/01/2000","NiFTI","Yes"
"I329328","50197","Control","M","15","BL","MRI","MP-RAGE","Original","1/01/2000","NiFTI","Yes"
"I328842","50198","Control","M","15","BL","MRI","MP-RAGE","Original","1/01/2000","NiFTI","Yes"
"I328846","50199","Control","M","16","BL","MRI","MP-RAGE","Original","1/01/2000","NiFTI","Yes"
"I328575","50200","Control","M","14","BL","MRI","MP-RAGE","Original","1/01/2000","NiFTI","Yes"
"I328580","50201","Control","F","14","BL","MRI","MP-RAGE","Original","1/01/2000","NiFTI","Yes"
"I328446","50202","Control","M","12","BL","MRI","MP-RAGE","Original","1/01/2000","NiFTI","Yes"
"I328855","50203","Control","M","16","BL","MRI","MP-RAGE","Original","1/01/2000","NiFTI","Yes"
"I328371","50204","Control","M","15","BL","MRI","MP-RAGE","Original","1/01/2000","NiFTI","Yes"
"I328875","50205","Control","F","14","BL","MRI","MP-RAGE","Original","1/01/2000","NiFTI","Yes"
"I328409","50206","Control","F","9","BL","MRI","MP-RAGE","Original","1/01/2000","NiFTI","Yes"
"I329291","50207","Autism","M","16","BL","MRI","MP-RAGE","Original","1/01/2000","NiFTI","Yes"
"I328934","50208","Control","F","14","BL","MRI","MP-RAGE","Original","1/01/2000","NiFTI","Yes"
"I329433","50209","Control","M","17","BL","MRI","MP-RAGE","Original","1/01/2000","NiFTI","Yes"
"I328682","50210","Control","M","17","BL","MRI","MP-RAGE","Original","1/01/2000","NiFTI","Yes"
"I329073","50211","Control","M","16","BL","MRI","MP-RAGE","Original","1/01/2000","NiFTI","Yes"
"I328540","50212","Autism","M","14","BL","MRI","MP-RAGE","Original","1/01/2000","NiFTI","Yes"
"I328444","50213","Control","F","12","BL","MRI","MP-RAGE","Original","1/01/2000","NiFTI","Yes"
"I328318","50214","Control","M","15","BL","MRI","MP-RAGE","Original","1/01/2000","NiFTI","Yes"
"I328772","50215","Control","F","17","BL","MRI","MP-RAGE","Original","1/01/2000","NiFTI","Yes"
"I328447","50216","Autism","M","16","BL","MRI","MP-RAGE","Original","1/01/2000","NiFTI","Yes"
"I328532","50217","Control","M","13","BL","MRI","MP-RAGE","Original","1/01/2000","NiFTI","Yes"
"I330310","50232","Autism","M","23","BL","MRI","MP-RAGE","Original","1/01/2000","NiFTI","Yes"
"I330324","50233","Autism","M","21","BL","MRI","MP-RAGE","Original","1/01/2000","NiFTI","Yes"
"I330330","50234","Autism","M","16","BL","MRI","MP-RAGE","Original","1/01/2000","NiFTI","Yes"
"I330295","50235","Autism","M","15","BL","MRI","MP-RAGE","Original","1/01/2000","NiFTI","Yes"
"I330319","50236","Autism","M","19","BL","MRI","MP-RAGE","Original","1/01/2000","NiFTI","Yes"
"I330313","50237","Autism","M","21","BL","MRI","MP-RAGE","Original","1/01/2000","NiFTI","Yes"
"I330288","50238","Autism","M","19","BL","MRI","MP-RAGE","Original","1/01/2000","NiFTI","Yes"
"I330305","50239","Autism","M","17","BL","MRI","MP-RAGE","Original","1/01/2000","NiFTI","Yes"
"I330302","50240","Autism","M","15","BL","MRI","MP-RAGE","Original","1/01/2000","NiFTI","Yes"
"I330273","50241","Autism","M","17","BL","MRI","MP-RAGE","Original","1/01/2000","NiFTI","Yes"
"I330276","50242","Autism","M","13","BL","MRI","MP-RAGE","Original","1/01/2000","NiFTI","Yes"
"I330331","50243","Autism","M","14","BL","MRI","MP-RAGE","Original","1/01/2000","NiFTI","Yes"
"I330312","50244","Autism","M","26","BL","MRI","MP-RAGE","Original","1/01/2000","NiFTI","Yes"
"I330278","50245","Autism","M","22","BL","MRI","MP-RAGE","Original","1/01/2000","NiFTI","Yes"
"I330286","50246","Autism","M","20","BL","MRI","MP-RAGE","Original","1/01/2000","NiFTI","Yes"
"I330317","50247","Autism","M","12","BL","MRI","MP-RAGE","Original","1/01/2000","NiFTI","Yes"
"I330282","50248","Autism","M","14","BL","MRI","MP-RAGE","Original","1/01/2000","NiFTI","Yes"
"I330297","50249","Autism","M","14","BL","MRI","MP-RAGE","Original","1/01/2000","NiFTI","Yes"
"I330328","50250","Autism","M","14","BL","MRI","MP-RAGE","Original","1/01/2000","NiFTI","Yes"
"I330307","50251","Autism","M","17","BL","MRI","MP-RAGE","Original","1/01/2000","NiFTI","Yes"
"I330290","50252","Autism","M","15","BL","MRI","MP-RAGE","Original","1/01/2000","NiFTI","Yes"
"I330281","50253","Autism","M","18","BL","MRI","MP-RAGE","Original","1/01/2000","NiFTI","Yes"
"I330321","50254","Autism","M","19","BL","MRI","MP-RAGE","Original","1/01/2000","NiFTI","Yes"
"I330326","50255","Autism","M","14","BL","MRI","MP-RAGE","Original","1/01/2000","NiFTI","Yes"
"I330275","50257","Control","M","15","BL","MRI","MP-RAGE","Original","1/01/2000","NiFTI","Yes"
"I330301","50259","Control","M","20","BL","MRI","MP-RAGE","Original","1/01/2000","NiFTI","Yes"
"I330289","50260","Control","M","20","BL","MRI","MP-RAGE","Original","1/01/2000","NiFTI","Yes"
"I330292","50261","Control","M","20","BL","MRI","MP-RAGE","Original","1/01/2000","NiFTI","Yes"
"I330340","50262","Control","M","21","BL","MRI","MP-RAGE","Original","1/01/2000","NiFTI","Yes"
"I330277","50263","Control","M","19","BL","MRI","MP-RAGE","Original","1/01/2000","NiFTI","Yes"
"I330296","50264","Control","M","26","BL","MRI","MP-RAGE","Original","1/01/2000","NiFTI","Yes"
"I330287","50265","Control","M","12","BL","MRI","MP-RAGE","Original","1/01/2000","NiFTI","Yes"
"I330316","50266","Control","M","16","BL","MRI","MP-RAGE","Original","1/01/2000","NiFTI","Yes"
"I330323","50267","Control","M","18","BL","MRI","MP-RAGE","Original","1/01/2000","NiFTI","Yes"
"I330336","50268","Control","M","14","BL","MRI","MP-RAGE","Original","1/01/2000","NiFTI","Yes"
"I330337","50269","Control","M","15","BL","MRI","MP-RAGE","Original","1/01/2000","NiFTI","Yes"
"I330306","50270","Control","M","19","BL","MRI","MP-RAGE","Original","1/01/2000","NiFTI","Yes"
"I330339","50271","Control","M","20","BL","MRI","MP-RAGE","Original","1/01/2000","NiFTI","Yes"
"I329113","50272","Autism","M","14","BL","MRI","MP-RAGE","Original","1/01/2000","NiFTI","Yes"
"I328428","50273","Autism","M","17","BL","MRI","MP-RAGE","Original","1/01/2000","NiFTI","Yes"
"I328415","50274","Autism","M","14","BL","MRI","MP-RAGE","Original","1/01/2000","NiFTI","Yes"
"I329139","50275","Autism","M","12","BL","MRI","MP-RAGE","Original","1/01/2000","NiFTI","Yes"
"I328509","50276","Autism","F","17","BL","MRI","MP-RAGE","Original","1/01/2000","NiFTI","Yes"
"I328773","50277","Autism","M","15","BL","MRI","MP-RAGE","Original","1/01/2000","NiFTI","Yes"
"I328533","50278","Autism","F","11","BL","MRI","MP-RAGE","Original","1/01/2000","NiFTI","Yes"
"I329463","50279","Autism","M","12","BL","MRI","MP-RAGE","Original","1/01/2000","NiFTI","Yes"
"I328511","50280","Autism","M","16","BL","MRI","MP-RAGE","Original","1/01/2000","NiFTI","Yes"
"I328481","50281","Autism","M","11","BL","MRI","MP-RAGE","Original","1/01/2000","NiFTI","Yes"
"I329298","50282","Autism","M","15","BL","MRI","MP-RAGE","Original","1/01/2000","NiFTI","Yes"
"I328495","50283","Autism","M","11","BL","MRI","MP-RAGE","Original","1/01/2000","NiFTI","Yes"
"I329049","50284","Autism","F","11","BL","MRI","MP-RAGE","Original","1/01/2000","NiFTI","Yes"
"I328537","50285","Autism","F","13","BL","MRI","MP-RAGE","Original","1/01/2000","NiFTI","Yes"
"I329272","50286","Autism","M","11","BL","MRI","MP-RAGE","Original","1/01/2000","NiFTI","Yes"
"I328311","50287","Autism","M","14","BL","MRI","MP-RAGE","Original","1/01/2000","NiFTI","Yes"
"I328755","50288","Autism","M","11","BL","MRI","MP-RAGE","Original","1/01/2000","NiFTI","Yes"
"I328995","50289","Autism","M","13","BL","MRI","MP-RAGE","Original","1/01/2000","NiFTI","Yes"
"I328482","50290","Autism","M","14","BL","MRI","MP-RAGE","Original","1/01/2000","NiFTI","Yes"
"I328782","50291","Autism","M","14","BL","MRI","MP-RAGE","Original","1/01/2000","NiFTI","Yes"
"I328313","50292","Autism","M","13","BL","MRI","MP-RAGE","Original","1/01/2000","NiFTI","Yes"
"I329409","50293","Autism","M","12","BL","MRI","MP-RAGE","Original","1/01/2000","NiFTI","Yes"
"I329473","50294","Autism","M","13","BL","MRI","MP-RAGE","Original","1/01/2000","NiFTI","Yes"
"I328431","50295","Autism","M","12","BL","MRI","MP-RAGE","Original","1/01/2000","NiFTI","Yes"
"I328780","50296","Autism","M","15","BL","MRI","MP-RAGE","Original","1/01/2000","NiFTI","Yes"
"I329221","50297","Autism","M","16","BL","MRI","MP-RAGE","Original","1/01/2000","NiFTI","Yes"
"I328795","50298","Autism","M","13","BL","MRI","MP-RAGE","Original","1/01/2000","NiFTI","Yes"
"I329429","50299","Autism","M","12","BL","MRI","MP-RAGE","Original","1/01/2000","NiFTI","Yes"
"I328405","50300","Autism","F","10","BL","MRI","MP-RAGE","Original","1/01/2000","NiFTI","Yes"
"I329402","50301","Autism","M","16","BL","MRI","MP-RAGE","Original","1/01/2000","NiFTI","Yes"
"I328991","50302","Autism","F","10","BL","MRI","MP-RAGE","Original","1/01/2000","NiFTI","Yes"
"I329290","50303","Autism","M","12","BL","MRI","MP-RAGE","Original","1/01/2000","NiFTI","Yes"
"I329175","50304","Autism","M","11","BL","MRI","MP-RAGE","Original","1/01/2000","NiFTI","Yes"
"I328718","50305","Autism","M","11","BL","MRI","MP-RAGE","Original","1/01/2000","NiFTI","Yes"
"I328952","50306","Autism","M","9","BL","MRI","MP-RAGE","Original","1/01/2000","NiFTI","Yes"
"I329146","50307","Autism","M","10","BL","MRI","MP-RAGE","Original","1/01/2000","NiFTI","Yes"
"I329453","50308","Autism","M","9","BL","MRI","MP-RAGE","Original","1/01/2000","NiFTI","Yes"
"I329284","50309","Autism","F","10","BL","MRI","MP-RAGE","Original","1/01/2000","NiFTI","Yes"
"I328309","50310","Autism","M","10","BL","MRI","MP-RAGE","Original","1/01/2000","NiFTI","Yes"
"I328508","50311","Autism","M","10","BL","MRI","MP-RAGE","Original","1/01/2000","NiFTI","Yes"
"I329176","50312","Autism","M","11","BL","MRI","MP-RAGE","Original","1/01/2000","NiFTI","Yes"
"I329396","50313","Autism","M","13","BL","MRI","MP-RAGE","Original","1/01/2000","NiFTI","Yes"
"I328917","50314","Autism","M","16","BL","MRI","MP-RAGE","Original","1/01/2000","NiFTI","Yes"
"I328480","50315","Autism","M","13","BL","MRI","MP-RAGE","Original","1/01/2000","NiFTI","Yes"
"I328310","50316","Autism","M","12","BL","MRI","MP-RAGE","Original","1/01/2000","NiFTI","Yes"
"I329111","50317","Autism","M","10","BL","MRI","MP-RAGE","Original","1/01/2000","NiFTI","Yes"
"I329020","50318","Autism","M","9","BL","MRI","MP-RAGE","Original","1/01/2000","NiFTI","Yes"
"I329125","50319","Autism","F","15","BL","MRI","MP-RAGE","Original","1/01/2000","NiFTI","Yes"
"I328774","50320","Autism","M","19","BL","MRI","MP-RAGE","Original","1/01/2000","NiFTI","Yes"
"I328356","50321","Autism","F","18","BL","MRI","MP-RAGE","Original","1/01/2000","NiFTI","Yes"
"I328525","50322","Autism","M","12","BL","MRI","MP-RAGE","Original","1/01/2000","NiFTI","Yes"
"I328307","50323","Autism","M","14","BL","MRI","MP-RAGE","Original","1/01/2000","NiFTI","Yes"
"I328889","50324","Autism","M","14","BL","MRI","MP-RAGE","Original","1/01/2000","NiFTI","Yes"
"I329126","50325","Autism","M","13","BL","MRI","MP-RAGE","Original","1/01/2000","NiFTI","Yes"
"I328968","50326","Autism","M","12","BL","MRI","MP-RAGE","Original","1/01/2000","NiFTI","Yes"
"I329369","50327","Control","M","15","BL","MRI","MP-RAGE","Original","1/01/2000","NiFTI","Yes"
"I329277","50328","Control","M","17","BL","MRI","MP-RAGE","Original","1/01/2000","NiFTI","Yes"
"I328521","50329","Control","M","17","BL","MRI","MP-RAGE","Original","1/01/2000","NiFTI","Yes"
"I328425","50330","Control","M","16","BL","MRI","MP-RAGE","Original","1/01/2000","NiFTI","Yes"
"I329046","50331","Control","M","17","BL","MRI","MP-RAGE","Original","1/01/2000","NiFTI","Yes"
"I328526","50332","Control","M","10","BL","MRI","MP-RAGE","Original","1/01/2000","NiFTI","Yes"
"I329340","50333","Control","M","10","BL","MRI","MP-RAGE","Original","1/01/2000","NiFTI","Yes"
"I328314","50334","Control","M","11","BL","MRI","MP-RAGE","Original","1/01/2000","NiFTI","Yes"
"I328997","50335","Control","M","18","BL","MRI","MP-RAGE","Original","1/01/2000","NiFTI","Yes"
"I328717","50336","Control","F","14","BL","MRI","MP-RAGE","Original","1/01/2000","NiFTI","Yes"
"I328576","50337","Control","M","12","BL","MRI","MP-RAGE","Original","1/01/2000","NiFTI","Yes"
"I329281","50338","Control","F","14","BL","MRI","MP-RAGE","Original","1/01/2000","NiFTI","Yes"
"I329289","50339","Control","M","18","BL","MRI","MP-RAGE","Original","1/01/2000","NiFTI","Yes"
"I328734","50340","Control","F","16","BL","MRI","MP-RAGE","Original","1/01/2000","NiFTI","Yes"
"I328449","50341","Control","F","18","BL","MRI","MP-RAGE","Original","1/01/2000","NiFTI","Yes"
"I329456","50342","Control","M","13","BL","MRI","MP-RAGE","Original","1/01/2000","NiFTI","Yes"
"I328382","50343","Control","F","14","BL","MRI","MP-RAGE","Original","1/01/2000","NiFTI","Yes"
"I329236","50344","Control","M","18","BL","MRI","MP-RAGE","Original","1/01/2000","NiFTI","Yes"
"I328839","50345","Control","M","17","BL","MRI","MP-RAGE","Original","1/01/2000","NiFTI","Yes"
"I328457","50346","Control","M","19","BL","MRI","MP-RAGE","Original","1/01/2000","NiFTI","Yes"
"I328854","50347","Control","M","16","BL","MRI","MP-RAGE","Original","1/01/2000","NiFTI","Yes"
"I328793","50348","Control","F","19","BL","MRI","MP-RAGE","Original","1/01/2000","NiFTI","Yes"
"I328892","50349","Control","M","19","BL","MRI","MP-RAGE","Original","1/01/2000","NiFTI","Yes"
"I329364","50350","Control","M","12","BL","MRI","MP-RAGE","Original","1/01/2000","NiFTI","Yes"
"I329344","50351","Control","M","17","BL","MRI","MP-RAGE","Original","1/01/2000","NiFTI","Yes"
"I329028","50352","Control","M","16","BL","MRI","MP-RAGE","Original","1/01/2000","NiFTI","Yes"
"I328484","50353","Control","F","13","BL","MRI","MP-RAGE","Original","1/01/2000","NiFTI","Yes"
"I328375","50354","Control","F","14","BL","MRI","MP-RAGE","Original","1/01/2000","NiFTI","Yes"
"I328928","50355","Control","M","11","BL","MRI","MP-RAGE","Original","1/01/2000","NiFTI","Yes"
"I328633","50356","Control","F","17","BL","MRI","MP-RAGE","Original","1/01/2000","NiFTI","Yes"
"I329309","50357","Control","F","10","BL","MRI","MP-RAGE","Original","1/01/2000","NiFTI","Yes"
"I329211","50358","Control","M","10","BL","MRI","MP-RAGE","Original","1/01/2000","NiFTI","Yes"
"I329452","50359","Control","M","10","BL","MRI","MP-RAGE","Original","1/01/2000","NiFTI","Yes"
"I328577","50360","Control","M","14","BL","MRI","MP-RAGE","Original","1/01/2000","NiFTI","Yes"
"I328559","50361","Control","F","18","BL","MRI","MP-RAGE","Original","1/01/2000","NiFTI","Yes"
"I328549","50362","Control","M","11","BL","MRI","MP-RAGE","Original","1/01/2000","NiFTI","Yes"
"I328945","50363","Control","M","10","BL","MRI","MP-RAGE","Original","1/01/2000","NiFTI","Yes"
"I329355","50364","Control","M","11","BL","MRI","MP-RAGE","Original","1/01/2000","NiFTI","Yes"
"I329220","50365","Control","M","16","BL","MRI","MP-RAGE","Original","1/01/2000","NiFTI","Yes"
"I328825","50366","Control","M","8","BL","MRI","MP-RAGE","Original","1/01/2000","NiFTI","Yes"
"I328564","50367","Control","M","11","BL","MRI","MP-RAGE","Original","1/01/2000","NiFTI","Yes"
"I328858","50368","Control","M","18","BL","MRI","MP-RAGE","Original","1/01/2000","NiFTI","Yes"
"I328611","50369","Control","F","15","BL","MRI","MP-RAGE","Original","1/01/2000","NiFTI","Yes"
"I329315","50370","Control","M","13","BL","MRI","MP-RAGE","Original","1/01/2000","NiFTI","Yes"
"I328400","50371","Control","M","12","BL","MRI","MP-RAGE","Original","1/01/2000","NiFTI","Yes"
"I329072","50372","Control","M","10","BL","MRI","MP-RAGE","Original","1/01/2000","NiFTI","Yes"
"I328713","50373","Control","F","17","BL","MRI","MP-RAGE","Original","1/01/2000","NiFTI","Yes"
"I329383","50374","Control","F","10","BL","MRI","MP-RAGE","Original","1/01/2000","NiFTI","Yes"
"I329262","50375","Control","F","12","BL","MRI","MP-RAGE","Original","1/01/2000","NiFTI","Yes"
"I328735","50376","Control","M","9","BL","MRI","MP-RAGE","Original","1/01/2000","NiFTI","Yes"
"I328620","50377","Control","M","12","BL","MRI","MP-RAGE","Original","1/01/2000","NiFTI","Yes"
"I329031","50378","Control","M","12","BL","MRI","MP-RAGE","Original","1/01/2000","NiFTI","Yes"
"I329412","50379","Control","F","14","BL","MRI","MP-RAGE","Original","1/01/2000","NiFTI","Yes"
"I328940","50380","Control","F","17","BL","MRI","MP-RAGE","Original","1/01/2000","NiFTI","Yes"
"I328397","50381","Control","M","17","BL","MRI","MP-RAGE","Original","1/01/2000","NiFTI","Yes"
"I329417","50382","Control","M","29","BL","MRI","MP-RAGE","Original","1/01/2000","NiFTI","Yes"
"I328282","50383","Control","M","14","BL","MRI","MP-RAGE","Original","1/01/2000","NiFTI","Yes"
"I328686","50385","Control","M","18","BL","MRI","MP-RAGE","Original","1/01/2000","NiFTI","Yes"
"I328970","50386","Control","M","18","BL","MRI","MP-RAGE","Original","1/01/2000","NiFTI","Yes"
"I328475","50387","Control","M","14","BL","MRI","MP-RAGE","Original","1/01/2000","NiFTI","Yes"
"I329460","50388","Control","M","27","BL","MRI","MP-RAGE","Original","1/01/2000","NiFTI","Yes"
"I328290","50390","Control","M","15","BL","MRI","MP-RAGE","Original","1/01/2000","NiFTI","Yes"
"I328947","50391","Control","M","17","BL","MRI","MP-RAGE","Original","1/01/2000","NiFTI","Yes"
"I328708","50397","Autism","M","15","BL","MRI","MP-RAGE","Original","1/01/2000","NiFTI","Yes"
"I328299","50399","Autism","M","17","BL","MRI","MP-RAGE","Original","1/01/2000","NiFTI","Yes"
"I328541","50402","Autism","M","13","BL","MRI","MP-RAGE","Original","1/01/2000","NiFTI","Yes"
"I328898","50403","Autism","M","13","BL","MRI","MP-RAGE","Original","1/01/2000","NiFTI","Yes"
"I329445","50404","Autism","M","16","BL","MRI","MP-RAGE","Original","1/01/2000","NiFTI","Yes"
"I328798","50405","Autism","M","17","BL","MRI","MP-RAGE","Original","1/01/2000","NiFTI","Yes"
"I328895","50406","Autism","M","15","BL","MRI","MP-RAGE","Original","1/01/2000","NiFTI","Yes"
"I328287","50407","Autism","F","17","BL","MRI","MP-RAGE","Original","1/01/2000","NiFTI","Yes"
"I328560","50408","Autism","M","15","BL","MRI","MP-RAGE","Original","1/01/2000","NiFTI","Yes"
"I328951","50410","Autism","M","16","BL","MRI","MP-RAGE","Original","1/01/2000","NiFTI","Yes"
"I328860","50411","Autism","M","14","BL","MRI","MP-RAGE","Original","1/01/2000","NiFTI","Yes"
"I328285","50412","Autism","M","13","BL","MRI","MP-RAGE","Original","1/01/2000","NiFTI","Yes"
"I329168","50413","Autism","M","13","BL","MRI","MP-RAGE","Original","1/01/2000","NiFTI","Yes"
"I329039","50414","Control","F","14","BL","MRI","MP-RAGE","Original","1/01/2000","NiFTI","Yes"
"I329243","50415","Control","M","18","BL","MRI","MP-RAGE","Original","1/01/2000","NiFTI","Yes"
"I329092","50416","Control","M","15","BL","MRI","MP-RAGE","Original","1/01/2000","NiFTI","Yes"
"I328851","50417","Control","M","13","BL","MRI","MP-RAGE","Original","1/01/2000","NiFTI","Yes"
"I328291","50418","Control","M","15","BL","MRI","MP-RAGE","Original","1/01/2000","NiFTI","Yes"
"I329410","50419","Control","M","16","BL","MRI","MP-RAGE","Original","1/01/2000","NiFTI","Yes"
"I328815","50421","Control","M","15","BL","MRI","MP-RAGE","Original","1/01/2000","NiFTI","Yes"
"I329162","50422","Control","M","15","BL","MRI","MP-RAGE","Original","1/01/2000","NiFTI","Yes"
"I328638","50423","Control","M","14","BL","MRI","MP-RAGE","Original","1/01/2000","NiFTI","Yes"
"I328729","50424","Control","M","18","BL","MRI","MP-RAGE","Original","1/01/2000","NiFTI","Yes"
"I328292","50425","Control","M","17","BL","MRI","MP-RAGE","Original","1/01/2000","NiFTI","Yes"
"I329016","50426","Control","M","14","BL","MRI","MP-RAGE","Original","1/01/2000","NiFTI","Yes"
"I328296","50427","Control","M","16","BL","MRI","MP-RAGE","Original","1/01/2000","NiFTI","Yes"
"I329240","50428","Control","M","16","BL","MRI","MP-RAGE","Original","1/01/2000","NiFTI","Yes"
"I329256","50432","Control","M","18","BL","MRI","MP-RAGE","Original","1/01/2000","NiFTI","Yes"
"I329180","50433","Control","M","19","BL","MRI","MP-RAGE","Original","1/01/2000","NiFTI","Yes"
"I328319","50434","Control","M","18","BL","MRI","MP-RAGE","Original","1/01/2000","NiFTI","Yes"
"I328519","50435","Control","M","16","BL","MRI","MP-RAGE","Original","1/01/2000","NiFTI","Yes"
"I329370","50436","Control","M","14","BL","MRI","MP-RAGE","Original","1/01/2000","NiFTI","Yes"
"I329201","50437","Control","M","15","BL","MRI","MP-RAGE","Original","1/01/2000","NiFTI","Yes"
"I329030","50438","Control","M","15","BL","MRI","MP-RAGE","Original","1/01/2000","NiFTI","Yes"
"I328348","50439","Control","M","23","BL","MRI","MP-RAGE","Original","1/01/2000","NiFTI","Yes"
"I329335","50440","Control","M","24","BL","MRI","MP-RAGE","Original","1/01/2000","NiFTI","Yes"
"I328784","50441","Control","M","28","BL","MRI","MP-RAGE","Original","1/01/2000","NiFTI","Yes"
"I328487","50442","Control","M","27","BL","MRI","MP-RAGE","Original","1/01/2000","NiFTI","Yes"
"I328385","50443","Control","M","17","BL","MRI","MP-RAGE","Original","1/01/2000","NiFTI","Yes"
"I329464","50444","Control","M","25","BL","MRI","MP-RAGE","Original","1/01/2000","NiFTI","Yes"
"I329237","50445","Control","M","18","BL","MRI","MP-RAGE","Original","1/01/2000","NiFTI","Yes"
"I329430","50446","Control","M","27","BL","MRI","MP-RAGE","Original","1/01/2000","NiFTI","Yes"
"I329271","50447","Control","M","13","BL","MRI","MP-RAGE","Original","1/01/2000","NiFTI","Yes"
"I329061","50448","Control","M","10","BL","MRI","MP-RAGE","Original","1/01/2000","NiFTI","Yes"
"I328489","50449","Control","M","18","BL","MRI","MP-RAGE","Original","1/01/2000","NiFTI","Yes"
"I328990","50450","Control","M","21","BL","MRI","MP-RAGE","Original","1/01/2000","NiFTI","Yes"
"I329336","50451","Control","M","13","BL","MRI","MP-RAGE","Original","1/01/2000","NiFTI","Yes"
"I328670","50452","Control","M","30","BL","MRI","MP-RAGE","Original","1/01/2000","NiFTI","Yes"
"I328820","50453","Control","M","9","BL","MRI","MP-RAGE","Original","1/01/2000","NiFTI","Yes"
"I328693","50454","Control","M","19","BL","MRI","MP-RAGE","Original","1/01/2000","NiFTI","Yes"
"I329465","50455","Control","M","31","BL","MRI","MP-RAGE","Original","1/01/2000","NiFTI","Yes"
"I328667","50456","Control","M","16","BL","MRI","MP-RAGE","Original","1/01/2000","NiFTI","Yes"
"I328542","50457","Control","M","34","BL","MRI","MP-RAGE","Original","1/01/2000","NiFTI","Yes"
"I329222","50458","Control","M","26","BL","MRI","MP-RAGE","Original","1/01/2000","NiFTI","Yes"
"I329197","50459","Control","M","18","BL","MRI","MP-RAGE","Original","1/01/2000","NiFTI","Yes"
"I329392","50460","Control","M","14","BL","MRI","MP-RAGE","Original","1/01/2000","NiFTI","Yes"
"I329213","50461","Control","M","16","BL","MRI","MP-RAGE","Original","1/01/2000","NiFTI","Yes"
"I328391","50462","Control","M","25","BL","MRI","MP-RAGE","Original","1/01/2000","NiFTI","Yes"
"I329078","50463","Control","M","28","BL","MRI","MP-RAGE","Original","1/01/2000","NiFTI","Yes"
"I328680","50464","Control","M","10","BL","MRI","MP-RAGE","Original","1/01/2000","NiFTI","Yes"
"I329265","50465","Control","M","34","BL","MRI","MP-RAGE","Original","1/01/2000","NiFTI","Yes"
"I329341","50466","Control","M","39","BL","MRI","MP-RAGE","Original","1/01/2000","NiFTI","Yes"
"I328437","50467","Control","M","20","BL","MRI","MP-RAGE","Original","1/01/2000","NiFTI","Yes"
"I328651","50468","Control","M","39","BL","MRI","MP-RAGE","Original","1/01/2000","NiFTI","Yes"
"I328399","50469","Control","M","29","BL","MRI","MP-RAGE","Original","1/01/2000","NiFTI","Yes"
"I329358","50470","Control","M","10","BL","MRI","MP-RAGE","Original","1/01/2000","NiFTI","Yes"
"I329012","50471","Control","M","25","BL","MRI","MP-RAGE","Original","1/01/2000","NiFTI","Yes"
"I329188","50472","Control","M","22","BL","MRI","MP-RAGE","Original","1/01/2000","NiFTI","Yes"
"I329457","50473","Control","M","22","BL","MRI","MP-RAGE","Original","1/01/2000","NiFTI","Yes"
"I329317","50474","Control","M","22","BL","MRI","MP-RAGE","Original","1/01/2000","NiFTI","Yes"
"I329279","50475","Autism","M","22","BL","MRI","MP-RAGE","Original","1/01/2000","NiFTI","Yes"
"I329283","50476","Autism","M","20","BL","MRI","MP-RAGE","Original","1/01/2000","NiFTI","Yes"
"I329448","50477","Autism","M","20","BL","MRI","MP-RAGE","Original","1/01/2000","NiFTI","Yes"
"I329391","50478","Autism","M","20","BL","MRI","MP-RAGE","Original","1/01/2000","NiFTI","Yes"
"I328343","50479","Autism","M","23","BL","MRI","MP-RAGE","Original","1/01/2000","NiFTI","Yes"
"I329088","50480","Autism","M","29","BL","MRI","MP-RAGE","Original","1/01/2000","NiFTI","Yes"
"I328387","50481","Autism","M","17","BL","MRI","MP-RAGE","Original","1/01/2000","NiFTI","Yes"
"I328967","50482","Autism","M","27","BL","MRI","MP-RAGE","Original","1/01/2000","NiFTI","Yes"
"I328440","50483","Autism","M","21","BL","MRI","MP-RAGE","Original","1/01/2000","NiFTI","Yes"
"I329322","50484","Autism","M","20","BL","MRI","MP-RAGE","Original","1/01/2000","NiFTI","Yes"
"I329186","50485","Autism","M","24","BL","MRI","MP-RAGE","Original","1/01/2000","NiFTI","Yes"
"I328402","50486","Autism","M","18","BL","MRI","MP-RAGE","Original","1/01/2000","NiFTI","Yes"
"I328414","50487","Autism","M","26","BL","MRI","MP-RAGE","Original","1/01/2000","NiFTI","Yes"
"I328958","50488","Autism","M","25","BL","MRI","MP-RAGE","Original","1/01/2000","NiFTI","Yes"
"I328932","50489","Autism","M","17","BL","MRI","MP-RAGE","Original","1/01/2000","NiFTI","Yes"
"I328894","50490","Autism","M","20","BL","MRI","MP-RAGE","Original","1/01/2000","NiFTI","Yes"
"I329089","50491","Autism","M","27","BL","MRI","MP-RAGE","Original","1/01/2000","NiFTI","Yes"
"I329242","50492","Autism","M","33","BL","MRI","MP-RAGE","Original","1/01/2000","NiFTI","Yes"
"I328569","50493","Autism","M","36","BL","MRI","MP-RAGE","Original","1/01/2000","NiFTI","Yes"
"I328828","50494","Autism","M","38","BL","MRI","MP-RAGE","Original","1/01/2000","NiFTI","Yes"
"I328805","50495","Autism","M","23","BL","MRI","MP-RAGE","Original","1/01/2000","NiFTI","Yes"
"I328961","50496","Autism","M","24","BL","MRI","MP-RAGE","Original","1/01/2000","NiFTI","Yes"
"I329316","50497","Autism","M","34","BL","MRI","MP-RAGE","Original","1/01/2000","NiFTI","Yes"
"I328485","50498","Autism","M","21","BL","MRI","MP-RAGE","Original","1/01/2000","NiFTI","Yes"
"I328954","50499","Autism","M","25","BL","MRI","MP-RAGE","Original","1/01/2000","NiFTI","Yes"
"I328355","50500","Autism","M","17","BL","MRI","MP-RAGE","Original","1/01/2000","NiFTI","Yes"
"I329117","50501","Autism","M","18","BL","MRI","MP-RAGE","Original","1/01/2000","NiFTI","Yes"
"I328555","50502","Autism","M","33","BL","MRI","MP-RAGE","Original","1/01/2000","NiFTI","Yes"
"I328881","50503","Autism","M","29","BL","MRI","MP-RAGE","Original","1/01/2000","NiFTI","Yes"
"I328760","50504","Autism","M","18","BL","MRI","MP-RAGE","Original","1/01/2000","NiFTI","Yes"
"I329024","50505","Autism","M","33","BL","MRI","MP-RAGE","Original","1/01/2000","NiFTI","Yes"
"I328396","50506","Autism","M","16","BL","MRI","MP-RAGE","Original","1/01/2000","NiFTI","Yes"
"I328520","50507","Autism","M","28","BL","MRI","MP-RAGE","Original","1/01/2000","NiFTI","Yes"
"I329401","50508","Autism","M","26","BL","MRI","MP-RAGE","Original","1/01/2000","NiFTI","Yes"
"I329177","50509","Autism","M","17","BL","MRI","MP-RAGE","Original","1/01/2000","NiFTI","Yes"
"I328320","50510","Autism","M","14","BL","MRI","MP-RAGE","Original","1/01/2000","NiFTI","Yes"
"I328325","50511","Autism","M","16","BL","MRI","MP-RAGE","Original","1/01/2000","NiFTI","Yes"
"I328524","50512","Autism","M","15","BL","MRI","MP-RAGE","Original","1/01/2000","NiFTI","Yes"
"I328679","50513","Autism","M","18","BL","MRI","MP-RAGE","Original","1/01/2000","NiFTI","Yes"
"I328450","50514","Autism","M","21","BL","MRI","MP-RAGE","Original","1/01/2000","NiFTI","Yes"
"I328978","50515","Autism","M","16","BL","MRI","MP-RAGE","Original","1/01/2000","NiFTI","Yes"
"I328931","50516","Autism","M","17","BL","MRI","MP-RAGE","Original","1/01/2000","NiFTI","Yes"
"I329310","50517","Autism","M","17","BL","MRI","MP-RAGE","Original","1/01/2000","NiFTI","Yes"
"I328488","50518","Autism","M","19","BL","MRI","MP-RAGE","Original","1/01/2000","NiFTI","Yes"
"I329361","50519","Autism","M","16","BL","MRI","MP-RAGE","Original","1/01/2000","NiFTI","Yes"
"I328886","50520","Autism","M","18","BL","MRI","MP-RAGE","Original","1/01/2000","NiFTI","Yes"
"I329332","50521","Autism","M","18","BL","MRI","MP-RAGE","Original","1/01/2000","NiFTI","Yes"
"I328787","50522","Autism","M","15","BL","MRI","MP-RAGE","Original","1/01/2000","NiFTI","Yes"
"I329070","50523","Autism","M","17","BL","MRI","MP-RAGE","Original","1/01/2000","NiFTI","Yes"
"I328574","50524","Autism","M","12","BL","MRI","MP-RAGE","Original","1/01/2000","NiFTI","Yes"
"I329184","50525","Autism","M","33","BL","MRI","MP-RAGE","Original","1/01/2000","NiFTI","Yes"
"I328536","50526","Autism","M","50","BL","MRI","MP-RAGE","Original","1/01/2000","NiFTI","Yes"
"I328814","50527","Autism","M","18","BL","MRI","MP-RAGE","Original","1/01/2000","NiFTI","Yes"
"I328452","50528","Autism","M","11","BL","MRI","MP-RAGE","Original","1/01/2000","NiFTI","Yes"
"I329027","50529","Autism","M","42","BL","MRI","MP-RAGE","Original","1/01/2000","NiFTI","Yes"
"I329349","50530","Autism","M","18","BL","MRI","MP-RAGE","Original","1/01/2000","NiFTI","Yes"
"I328656","50531","Autism","M","28","BL","MRI","MP-RAGE","Original","1/01/2000","NiFTI","Yes"
"I329204","50532","Autism","M","17","BL","MRI","MP-RAGE","Original","1/01/2000","NiFTI","Yes"
"I328726","50551","Control","M","16","BL","MRI","MP-RAGE","Original","1/01/2000","NiFTI","Yes"
"I328754","50552","Control","M","13","BL","MRI","MP-RAGE","Original","1/01/2000","NiFTI","Yes"
"I328761","50553","Control","M","10","BL","MRI","MP-RAGE","Original","1/01/2000","NiFTI","Yes"
"I328897","50554","Control","M","9","BL","MRI","MP-RAGE","Original","1/01/2000","NiFTI","Yes"
"I328953","50555","Control","F","14","BL","MRI","MP-RAGE","Original","1/01/2000","NiFTI","Yes"
"I328989","50556","Control","M","11","BL","MRI","MP-RAGE","Original","1/01/2000","NiFTI","Yes"
"I328966","50557","Control","F","14","BL","MRI","MP-RAGE","Original","1/01/2000","NiFTI","Yes"
"I328915","50558","Control","F","14","BL","MRI","MP-RAGE","Original","1/01/2000","NiFTI","Yes"
"I328856","50559","Control","M","12","BL","MRI","MP-RAGE","Original","1/01/2000","NiFTI","Yes"
"I328753","50560","Control","M","9","BL","MRI","MP-RAGE","Original","1/01/2000","NiFTI","Yes"
"I328943","50561","Control","M","13","BL","MRI","MP-RAGE","Original","1/01/2000","NiFTI","Yes"
"I328840","50562","Control","M","11","BL","MRI","MP-RAGE","Original","1/01/2000","NiFTI","Yes"
"I328730","50563","Control","F","14","BL","MRI","MP-RAGE","Original","1/01/2000","NiFTI","Yes"
"I328764","50564","Control","M","8","BL","MRI","MP-RAGE","Original","1/01/2000","NiFTI","Yes"
"I328809","50565","Control","F","11","BL","MRI","MP-RAGE","Original","1/01/2000","NiFTI","Yes"
"I328781","50566","Control","M","10","BL","MRI","MP-RAGE","Original","1/01/2000","NiFTI","Yes"
"I328982","50567","Control","M","18","BL","MRI","MP-RAGE","Original","1/01/2000","NiFTI","Yes"
"I328723","50568","Control","M","14","BL","MRI","MP-RAGE","Original","1/01/2000","NiFTI","Yes"
"I328819","50569","Control","F","17","BL","MRI","MP-RAGE","Original","1/01/2000","NiFTI","Yes"
"I328900","50570","Control","M","17","BL","MRI","MP-RAGE","Original","1/01/2000","NiFTI","Yes"
"I328884","50571","Control","M","11","BL","MRI","MP-RAGE","Original","1/01/2000","NiFTI","Yes"
"I328771","50572","Control","F","16","BL","MRI","MP-RAGE","Original","1/01/2000","NiFTI","Yes"
"I328733","50573","Control","M","14","BL","MRI","MP-RAGE","Original","1/01/2000","NiFTI","Yes"
"I328963","50574","Control","M","11","BL","MRI","MP-RAGE","Original","1/01/2000","NiFTI","Yes"
"I328999","50575","Control","M","14","BL","MRI","MP-RAGE","Original","1/01/2000","NiFTI","Yes"
"I328926","50576","Control","F","8","BL","MRI","MP-RAGE","Original","1/01/2000","NiFTI","Yes"
"I329006","50577","Control","M","15","BL","MRI","MP-RAGE","Original","1/01/2000","NiFTI","Yes"
"I328893","50578","Control","M","12","BL","MRI","MP-RAGE","Original","1/01/2000","NiFTI","Yes"
"I328887","50601","Autism","M","14","BL","MRI","MP-RAGE","Original","1/01/2000","NiFTI","Yes"
"I328873","50602","Autism","M","10","BL","MRI","MP-RAGE","Original","1/01/2000","NiFTI","Yes"
"I328833","50603","Autism","M","13","BL","MRI","MP-RAGE","Original","1/01/2000","NiFTI","Yes"
"I328986","50604","Autism","F","14","BL","MRI","MP-RAGE","Original","1/01/2000","NiFTI","Yes"
"I328712","50605","Autism","M","16","BL","MRI","MP-RAGE","Original","1/01/2000","NiFTI","Yes"
"I328890","50606","Autism","M","16","BL","MRI","MP-RAGE","Original","1/01/2000","NiFTI","Yes"
"I328803","50607","Autism","M","17","BL","MRI","MP-RAGE","Original","1/01/2000","NiFTI","Yes"
"I328911","50608","Autism","M","17","BL","MRI","MP-RAGE","Original","1/01/2000","NiFTI","Yes"
"I328745","50609","Autism","M","9","BL","MRI","MP-RAGE","Original","1/01/2000","NiFTI","Yes"
"I328785","50610","Autism","M","13","BL","MRI","MP-RAGE","Original","1/01/2000","NiFTI","Yes"
"I328876","50611","Autism","M","12","BL","MRI","MP-RAGE","Original","1/01/2000","NiFTI","Yes"
"I328694","50612","Autism","M","12","BL","MRI","MP-RAGE","Original","1/01/2000","NiFTI","Yes"
"I328678","50613","Autism","M","13","BL","MRI","MP-RAGE","Original","1/01/2000","NiFTI","Yes"
"I328789","50614","Autism","M","18","BL","MRI","MP-RAGE","Original","1/01/2000","NiFTI","Yes"
"I328969","50615","Autism","F","9","BL","MRI","MP-RAGE","Original","1/01/2000","NiFTI","Yes"
"I328720","50616","Autism","M","12","BL","MRI","MP-RAGE","Original","1/01/2000","NiFTI","Yes"
"I328863","50617","Autism","M","7","BL","MRI","MP-RAGE","Original","1/01/2000","NiFTI","Yes"
"I328716","50618","Autism","M","13","BL","MRI","MP-RAGE","Original","1/01/2000","NiFTI","Yes"
"I328741","50619","Autism","F","17","BL","MRI","MP-RAGE","Original","1/01/2000","NiFTI","Yes"
"I328956","50620","Autism","F","13","BL","MRI","MP-RAGE","Original","1/01/2000","NiFTI","Yes"
"I328837","50621","Autism","F","17","BL","MRI","MP-RAGE","Original","1/01/2000","NiFTI","Yes"
"I328972","50622","Autism","M","10","BL","MRI","MP-RAGE","Original","1/01/2000","NiFTI","Yes"
"I328979","50623","Autism","F","14","BL","MRI","MP-RAGE","Original","1/01/2000","NiFTI","Yes"
"I328880","50624","Autism","F","11","BL","MRI","MP-RAGE","Original","1/01/2000","NiFTI","Yes"
"I328687","50625","Autism","M","7","BL","MRI","MP-RAGE","Original","1/01/2000","NiFTI","Yes"
"I328866","50626","Autism","M","11","BL","MRI","MP-RAGE","Original","1/01/2000","NiFTI","Yes"
"I328869","50627","Autism","F","10","BL","MRI","MP-RAGE","Original","1/01/2000","NiFTI","Yes"
"I328671","50628","Autism","M","14","BL","MRI","MP-RAGE","Original","1/01/2000","NiFTI","Yes"
"I328758","50642","Autism","M","33","BL","MRI","MP-RAGE","Original","1/01/2000","NiFTI","Yes"
"I328813","50643","Autism","M","21","BL","MRI","MP-RAGE","Original","1/01/2000","NiFTI","Yes"
"I328936","50644","Autism","F","19","BL","MRI","MP-RAGE","Original","1/01/2000","NiFTI","Yes"
"I328907","50645","Autism","M","20","BL","MRI","MP-RAGE","Original","1/01/2000","NiFTI","Yes"
"I328775","50646","Autism","M","21","BL","MRI","MP-RAGE","Original","1/01/2000","NiFTI","Yes"
"I329002","50647","Autism","M","27","BL","MRI","MP-RAGE","Original","1/01/2000","NiFTI","Yes"
"I328830","50648","Autism","F","31","BL","MRI","MP-RAGE","Original","1/01/2000","NiFTI","Yes"
"I328859","50649","Autism","M","22","BL","MRI","MP-RAGE","Original","1/01/2000","NiFTI","Yes"
"I328705","50650","Autism","F","31","BL","MRI","MP-RAGE","Original","1/01/2000","NiFTI","Yes"
"I328933","50651","Autism","M","39","BL","MRI","MP-RAGE","Original","1/01/2000","NiFTI","Yes"
"I328768","50652","Autism","M","24","BL","MRI","MP-RAGE","Original","1/01/2000","NiFTI","Yes"
"I328748","50653","Autism","M","30","BL","MRI","MP-RAGE","Original","1/01/2000","NiFTI","Yes"
"I328668","50654","Autism","M","24","BL","MRI","MP-RAGE","Original","1/01/2000","NiFTI","Yes"
"I328916","50655","Autism","M","27","BL","MRI","MP-RAGE","Original","1/01/2000","NiFTI","Yes"
"I328792","50656","Control","F","28","BL","MRI","MP-RAGE","Original","1/01/2000","NiFTI","Yes"
"I328799","50657","Control","M","21","BL","MRI","MP-RAGE","Original","1/01/2000","NiFTI","Yes"
"I328823","50658","Control","M","27","BL","MRI","MP-RAGE","Original","1/01/2000","NiFTI","Yes"
"I328992","50659","Control","M","27","BL","MRI","MP-RAGE","Original","1/01/2000","NiFTI","Yes"
"I328844","50660","Control","M","25","BL","MRI","MP-RAGE","Original","1/01/2000","NiFTI","Yes"
"I328684","50661","Control","F","20","BL","MRI","MP-RAGE","Original","1/01/2000","NiFTI","Yes"
"I328816","50663","Control","M","21","BL","MRI","MP-RAGE","Original","1/01/2000","NiFTI","Yes"
"I328852","50664","Control","M","21","BL","MRI","MP-RAGE","Original","1/01/2000","NiFTI","Yes"
"I328939","50665","Control","M","33","BL","MRI","MP-RAGE","Original","1/01/2000","NiFTI","Yes"
"I328697","50666","Control","M","31","BL","MRI","MP-RAGE","Original","1/01/2000","NiFTI","Yes"
"I328950","50667","Control","M","40","BL","MRI","MP-RAGE","Original","1/01/2000","NiFTI","Yes"
"I328737","50668","Control","M","25","BL","MRI","MP-RAGE","Original","1/01/2000","NiFTI","Yes"
"I328904","50669","Control","F","30","BL","MRI","MP-RAGE","Original","1/01/2000","NiFTI","Yes"
"I329178","50682","Control","M","23","BL","MRI","MP-RAGE","Original","1/01/2000","NiFTI","Yes"
"I329215","50683","Control","M","24","BL","MRI","MP-RAGE","Original","1/01/2000","NiFTI","Yes"
"I329413","50685","Control","M","23","BL","MRI","MP-RAGE","Original","1/01/2000","NiFTI","Yes"
"I329045","50686","Autism","M","19","BL","MRI","MP-RAGE","Original","1/01/2000","NiFTI","Yes"
"I328322","50687","Control","M","22","BL","MRI","MP-RAGE","Original","1/01/2000","NiFTI","Yes"
"I329268","50688","Control","M","21","BL","MRI","MP-RAGE","Original","1/01/2000","NiFTI","Yes"
"I328552","50689","Autism","M","21","BL","MRI","MP-RAGE","Original","1/01/2000","NiFTI","Yes"
"I328921","50690","Autism","M","22","BL","MRI","MP-RAGE","Original","1/01/2000","NiFTI","Yes"
"I328408","50691","Control","M","22","BL","MRI","MP-RAGE","Original","1/01/2000","NiFTI","Yes"
"I329282","50692","Control","M","22","BL","MRI","MP-RAGE","Original","1/01/2000","NiFTI","Yes"
"I329390","50693","Autism","M","22","BL","MRI","MP-RAGE","Original","1/01/2000","NiFTI","Yes"
"I328515","50694","Autism","M","19","BL","MRI","MP-RAGE","Original","1/01/2000","NiFTI","Yes"
"I329472","50695","Autism","M","19","BL","MRI","MP-RAGE","Original","1/01/2000","NiFTI","Yes"
"I328407","50696","Autism","M","20","BL","MRI","MP-RAGE","Original","1/01/2000","NiFTI","Yes"
"I329191","50697","Autism","M","19","BL","MRI","MP-RAGE","Original","1/01/2000","NiFTI","Yes"
"I328538","50698","Control","M","28","BL","MRI","MP-RAGE","Original","1/01/2000","NiFTI","Yes"
"I329029","50699","Control","M","21","BL","MRI","MP-RAGE","Original","1/01/2000","NiFTI","Yes"
"I329124","50700","Autism","M","23","BL","MRI","MP-RAGE","Original","1/01/2000","NiFTI","Yes"
"I329194","50701","Control","M","18","BL","MRI","MP-RAGE","Original","1/01/2000","NiFTI","Yes"
"I329189","50702","Autism","M","18","BL","MRI","MP-RAGE","Original","1/01/2000","NiFTI","Yes"
"I328554","50703","Control","M","29","BL","MRI","MP-RAGE","Original","1/01/2000","NiFTI","Yes"
"I329056","50704","Autism","M","29","BL","MRI","MP-RAGE","Original","1/01/2000","NiFTI","Yes"
"I328461","50705","Autism","M","24","BL","MRI","MP-RAGE","Original","1/01/2000","NiFTI","Yes"
"I329418","50706","Control","M","22","BL","MRI","MP-RAGE","Original","1/01/2000","NiFTI","Yes"
"I329116","50707","Control","M","22","BL","MRI","MP-RAGE","Original","1/01/2000","NiFTI","Yes"
"I328883","50708","Autism","M","32","BL","MRI","MP-RAGE","Original","1/01/2000","NiFTI","Yes"
"I328750","50709","Control","M","25","BL","MRI","MP-RAGE","Original","1/01/2000","NiFTI","Yes"
"I329159","50710","Control","M","27","BL","MRI","MP-RAGE","Original","1/01/2000","NiFTI","Yes"
"I329022","50711","Autism","M","19","BL","MRI","MP-RAGE","Original","1/01/2000","NiFTI","Yes"
"I328776","50722","Control","F","14","BL","MRI","MP-RAGE","Original","1/01/2000","NiFTI","Yes"
"I328623","50723","Control","F","14","BL","MRI","MP-RAGE","Original","1/01/2000","NiFTI","Yes"
"I328600","50724","Control","M","15","BL","MRI","MP-RAGE","Original","1/01/2000","NiFTI","Yes"
"I329245","50725","Control","M","14","BL","MRI","MP-RAGE","Original","1/01/2000","NiFTI","Yes"
"I328722","50726","Control","M","17","BL","MRI","MP-RAGE","Original","1/01/2000","NiFTI","Yes"
"I329259","50727","Control","M","14","BL","MRI","MP-RAGE","Original","1/01/2000","NiFTI","Yes"
"I329203","50728","Control","M","16","BL","MRI","MP-RAGE","Original","1/01/2000","NiFTI","Yes"
"I328363","50730","Control","F","12","BL","MRI","MP-RAGE","Original","1/01/2000","NiFTI","Yes"
"I328804","50731","Control","M","16","BL","MRI","MP-RAGE","Original","1/01/2000","NiFTI","Yes"
"I329293","50732","Control","M","12","BL","MRI","MP-RAGE","Original","1/01/2000","NiFTI","Yes"
"I328908","50733","Control","M","15","BL","MRI","MP-RAGE","Original","1/01/2000","NiFTI","Yes"
"I328522","50734","Control","M","17","BL","MRI","MP-RAGE","Original","1/01/2000","NiFTI","Yes"
"I328857","50735","Control","F","14","BL","MRI","MP-RAGE","Original","1/01/2000","NiFTI","Yes"
"I329151","50736","Control","F","14","BL","MRI","MP-RAGE","Original","1/01/2000","NiFTI","Yes"
"I328331","50737","Control","M","12","BL","MRI","MP-RAGE","Original","1/01/2000","NiFTI","Yes"
"I328766","50738","Control","M","13","BL","MRI","MP-RAGE","Original","1/01/2000","NiFTI","Yes"
"I329051","50739","Control","M","15","BL","MRI","MP-RAGE","Original","1/01/2000","NiFTI","Yes"
"I328696","50740","Control","M","12","BL","MRI","MP-RAGE","Original","1/01/2000","NiFTI","Yes"
"I328938","50741","Control","M","14","BL","MRI","MP-RAGE","Original","1/01/2000","NiFTI","Yes"
"I329137","50742","Control","M","17","BL","MRI","MP-RAGE","Original","1/01/2000","NiFTI","Yes"
"I328626","50743","Autism","F","14","BL","MRI","MP-RAGE","Original","1/01/2000","NiFTI","Yes"
"I328347","50744","Autism","F","13","BL","MRI","MP-RAGE","Original","1/01/2000","NiFTI","Yes"
"I328666","50745","Autism","M","13","BL","MRI","MP-RAGE","Original","1/01/2000","NiFTI","Yes"
"I328606","50746","Autism","M","14","BL","MRI","MP-RAGE","Original","1/01/2000","NiFTI","Yes"
"I329359","50747","Autism","M","14","BL","MRI","MP-RAGE","Original","1/01/2000","NiFTI","Yes"
"I329080","50748","Autism","M","14","BL","MRI","MP-RAGE","Original","1/01/2000","NiFTI","Yes"
"I328621","50749","Autism","F","15","BL","MRI","MP-RAGE","Original","1/01/2000","NiFTI","Yes"
"I328822","50750","Autism","M","17","BL","MRI","MP-RAGE","Original","1/01/2000","NiFTI","Yes"
"I328323","50751","Autism","M","12","BL","MRI","MP-RAGE","Original","1/01/2000","NiFTI","Yes"
"I329038","50752","Autism","M","15","BL","MRI","MP-RAGE","Original","1/01/2000","NiFTI","Yes"
"I328929","50753","Autism","M","14","BL","MRI","MP-RAGE","Original","1/01/2000","NiFTI","Yes"
"I328975","50754","Autism","M","12","BL","MRI","MP-RAGE","Original","1/01/2000","NiFTI","Yes"
"I329249","50755","Autism","M","12","BL","MRI","MP-RAGE","Original","1/01/2000","NiFTI","Yes"
"I328811","50756","Autism","M","15","BL","MRI","MP-RAGE","Original","1/01/2000","NiFTI","Yes"
"I328386","50757","Autism","M","14","BL","MRI","MP-RAGE","Original","1/01/2000","NiFTI","Yes"
"I328639","50772","Control","M","13","BL","MRI","MP-RAGE","Original","1/01/2000","NiFTI","Yes"
"I328912","50773","Control","M","11","BL","MRI","MP-RAGE","Original","1/01/2000","NiFTI","Yes"
"I328570","50774","Control","M","11","BL","MRI","MP-RAGE","Original","1/01/2000","NiFTI","Yes"
"I329200","50775","Control","M","11","BL","MRI","MP-RAGE","Original","1/01/2000","NiFTI","Yes"
"I328965","50776","Control","M","9","BL","MRI","MP-RAGE","Original","1/01/2000","NiFTI","Yes"
"I329319","50777","Control","M","8","BL","MRI","MP-RAGE","Original","1/01/2000","NiFTI","Yes"
"I329441","50778","Control","F","10","BL","MRI","MP-RAGE","Original","1/01/2000","NiFTI","Yes"
"I329307","50779","Control","M","9","BL","MRI","MP-RAGE","Original","1/01/2000","NiFTI","Yes"
"I328392","50780","Control","F","10","BL","MRI","MP-RAGE","Original","1/01/2000","NiFTI","Yes"
"I328327","50781","Control","M","9","BL","MRI","MP-RAGE","Original","1/01/2000","NiFTI","Yes"
"I328349","50782","Control","M","10","BL","MRI","MP-RAGE","Original","1/01/2000","NiFTI","Yes"
"I328328","50783","Control","F","10","BL","MRI","MP-RAGE","Original","1/01/2000","NiFTI","Yes"
"I329295","50784","Control","F","8","BL","MRI","MP-RAGE","Original","1/01/2000","NiFTI","Yes"
"I329263","50785","Control","M","10","BL","MRI","MP-RAGE","Original","1/01/2000","NiFTI","Yes"
"I328539","50786","Control","M","9","BL","MRI","MP-RAGE","Original","1/01/2000","NiFTI","Yes"
"I329437","50787","Control","M","11","BL","MRI","MP-RAGE","Original","1/01/2000","NiFTI","Yes"
"I329058","50788","Control","F","10","BL","MRI","MP-RAGE","Original","1/01/2000","NiFTI","Yes"
"I328474","50789","Control","M","9","BL","MRI","MP-RAGE","Original","1/01/2000","NiFTI","Yes"
"I329026","50790","Control","F","9","BL","MRI","MP-RAGE","Original","1/01/2000","NiFTI","Yes"
"I329206","50791","Autism","M","10","BL","MRI","MP-RAGE","Original","1/01/2000","NiFTI","Yes"
"I328361","50792","Autism","F","8","BL","MRI","MP-RAGE","Original","1/01/2000","NiFTI","Yes"
"I328503","50793","Autism","M","8","BL","MRI","MP-RAGE","Original","1/01/2000","NiFTI","Yes"
"I329015","50794","Autism","M","10","BL","MRI","MP-RAGE","Original","1/01/2000","NiFTI","Yes"
"I329238","50795","Autism","F","8","BL","MRI","MP-RAGE","Original","1/01/2000","NiFTI","Yes"
"I329205","50796","Autism","F","12","BL","MRI","MP-RAGE","Original","1/01/2000","NiFTI","Yes"
"I329403","50797","Autism","M","13","BL","MRI","MP-RAGE","Original","1/01/2000","NiFTI","Yes"
"I328433","50798","Autism","F","10","BL","MRI","MP-RAGE","Original","1/01/2000","NiFTI","Yes"
"I329109","50799","Autism","M","11","BL","MRI","MP-RAGE","Original","1/01/2000","NiFTI","Yes"
"I329187","50800","Autism","M","12","BL","MRI","MP-RAGE","Original","1/01/2000","NiFTI","Yes"
"I328595","50801","Autism","M","11","BL","MRI","MP-RAGE","Original","1/01/2000","NiFTI","Yes"
"I328551","50802","Autism","M","8","BL","MRI","MP-RAGE","Original","1/01/2000","NiFTI","Yes"
"I328352","50803","Autism","M","8","BL","MRI","MP-RAGE","Original","1/01/2000","NiFTI","Yes"
"I329379","50804","Autism","M","8","BL","MRI","MP-RAGE","Original","1/01/2000","NiFTI","Yes"
"I328565","50805","Autism","M","11","BL","MRI","MP-RAGE","Original","1/01/2000","NiFTI","Yes"
"I329337","50806","Autism","M","8","BL","MRI","MP-RAGE","Original","1/01/2000","NiFTI","Yes"
"I329261","50807","Autism","M","11","BL","MRI","MP-RAGE","Original","1/01/2000","NiFTI","Yes"
"I328937","50808","Control","M","11","BL","MRI","MP-RAGE","Original","1/01/2000","NiFTI","Yes"
"I329406","50809","Control","M","8","BL","MRI","MP-RAGE","Original","1/01/2000","NiFTI","Yes"
"I328762","50810","Control","F","12","BL","MRI","MP-RAGE","Original","1/01/2000","NiFTI","Yes"
"I328398","50811","Control","M","13","BL","MRI","MP-RAGE","Original","1/01/2000","NiFTI","Yes"
"I328443","50812","Control","F","10","BL","MRI","MP-RAGE","Original","1/01/2000","NiFTI","Yes"
"I328835","50813","Control","M","11","BL","MRI","MP-RAGE","Original","1/01/2000","NiFTI","Yes"
"I328360","50814","Control","M","8","BL","MRI","MP-RAGE","Original","1/01/2000","NiFTI","Yes"
"I328993","50815","Autism","M","11","BL","MRI","MP-RAGE","Original","1/01/2000","NiFTI","Yes"
"I329132","50816","Control","M","10","BL","MRI","MP-RAGE","Original","1/01/2000","NiFTI","Yes"
"I329303","50817","Control","M","10","BL","MRI","MP-RAGE","Original","1/01/2000","NiFTI","Yes"
"I329300","50818","Control","M","12","BL","MRI","MP-RAGE","Original","1/01/2000","NiFTI","Yes"
"I328728","50819","Control","M","10","BL","MRI","MP-RAGE","Original","1/01/2000","NiFTI","Yes"
"I328698","50820","Control","F","9","BL","MRI","MP-RAGE","Original","1/01/2000","NiFTI","Yes"
"I329083","50821","Control","M","11","BL","MRI","MP-RAGE","Original","1/01/2000","NiFTI","Yes"
"I329376","50822","Control","M","12","BL","MRI","MP-RAGE","Original","1/01/2000","NiFTI","Yes"
"I328984","50823","Autism","M","11","BL","MRI","MP-RAGE","Original","1/01/2000","NiFTI","Yes"
"I328646","50824","Autism","M","10","BL","MRI","MP-RAGE","Original","1/01/2000","NiFTI","Yes"
"I328743","50825","Autism","M","9","BL","MRI","MP-RAGE","Original","1/01/2000","NiFTI","Yes"
"I329426","50826","Autism","M","11","BL","MRI","MP-RAGE","Original","1/01/2000","NiFTI","Yes"
"I329398","50952","Autism","F","9","BL","MRI","MP-RAGE","Original","1/01/2000","NiFTI","Yes"
"I328514","50953","Autism","F","12","BL","MRI","MP-RAGE","Original","1/01/2000","NiFTI","Yes"
"I329134","50954","Autism","F","15","BL","MRI","MP-RAGE","Original","1/01/2000","NiFTI","Yes"
"I328642","50955","Autism","F","13","BL","MRI","MP-RAGE","Original","1/01/2000","NiFTI","Yes"
"I329040","50956","Autism","F","14","BL","MRI","MP-RAGE","Original","1/01/2000","NiFTI","Yes"
"I329415","50957","Autism","F","15","BL","MRI","MP-RAGE","Original","1/01/2000","NiFTI","Yes"
"I329246","50958","Autism","F","10","BL","MRI","MP-RAGE","Original","1/01/2000","NiFTI","Yes"
"I329343","50959","Autism","F","23","BL","MRI","MP-RAGE","Original","1/01/2000","NiFTI","Yes"
"I329466","50960","Autism","F","39","BL","MRI","MP-RAGE","Original","1/01/2000","NiFTI","Yes"
"I329235","50961","Autism","F","25","BL","MRI","MP-RAGE","Original","1/01/2000","NiFTI","Yes"
"I328903","50962","Autism","F","24","BL","MRI","MP-RAGE","Original","1/01/2000","NiFTI","Yes"
"I328770","50964","Autism","M","13","BL","MRI","MP-RAGE","Original","1/01/2000","NiFTI","Yes"
"I328648","50965","Autism","M","9","BL","MRI","MP-RAGE","Original","1/01/2000","NiFTI","Yes"
"I328829","50966","Autism","M","15","BL","MRI","MP-RAGE","Original","1/01/2000","NiFTI","Yes"
"I329247","50967","Autism","M","10","BL","MRI","MP-RAGE","Original","1/01/2000","NiFTI","Yes"
"I328622","50968","Autism","M","10","BL","MRI","MP-RAGE","Original","1/01/2000","NiFTI","Yes"
"I329269","50969","Autism","M","8","BL","MRI","MP-RAGE","Original","1/01/2000","NiFTI","Yes"
"I329400","50970","Autism","M","9","BL","MRI","MP-RAGE","Original","1/01/2000","NiFTI","Yes"
"I329461","50971","Autism","M","10","BL","MRI","MP-RAGE","Original","1/01/2000","NiFTI","Yes"
"I329384","50972","Autism","M","14","BL","MRI","MP-RAGE","Original","1/01/2000","NiFTI","Yes"
"I328630","50973","Autism","M","18","BL","MRI","MP-RAGE","Original","1/01/2000","NiFTI","Yes"
"I329138","50974","Autism","M","12","BL","MRI","MP-RAGE","Original","1/01/2000","NiFTI","Yes"
"I328732","50975","Autism","M","11","BL","MRI","MP-RAGE","Original","1/01/2000","NiFTI","Yes"
"I328998","50976","Autism","M","15","BL","MRI","MP-RAGE","Original","1/01/2000","NiFTI","Yes"
"I328353","50977","Autism","M","7","BL","MRI","MP-RAGE","Original","1/01/2000","NiFTI","Yes"
"I328330","50978","Autism","M","10","BL","MRI","MP-RAGE","Original","1/01/2000","NiFTI","Yes"
"I328572","50979","Autism","M","9","BL","MRI","MP-RAGE","Original","1/01/2000","NiFTI","Yes"
"I329302","50980","Autism","M","9","BL","MRI","MP-RAGE","Original","1/01/2000","NiFTI","Yes"
"I328441","50981","Autism","M","13","BL","MRI","MP-RAGE","Original","1/01/2000","NiFTI","Yes"
"I328941","50982","Autism","M","9","BL","MRI","MP-RAGE","Original","1/01/2000","NiFTI","Yes"
"I329427","50983","Autism","M","10","BL","MRI","MP-RAGE","Original","1/01/2000","NiFTI","Yes"
"I328354","50984","Autism","M","13","BL","MRI","MP-RAGE","Original","1/01/2000","NiFTI","Yes"
"I329065","50985","Autism","M","13","BL","MRI","MP-RAGE","Original","1/01/2000","NiFTI","Yes"
"I328550","50986","Autism","M","9","BL","MRI","MP-RAGE","Original","1/01/2000","NiFTI","Yes"
"I328865","50987","Autism","M","9","BL","MRI","MP-RAGE","Original","1/01/2000","NiFTI","Yes"
"I328759","50988","Autism","M","14","BL","MRI","MP-RAGE","Original","1/01/2000","NiFTI","Yes"
"I329252","50989","Autism","M","10","BL","MRI","MP-RAGE","Original","1/01/2000","NiFTI","Yes"
"I328380","50990","Autism","M","14","BL","MRI","MP-RAGE","Original","1/01/2000","NiFTI","Yes"
"I328763","50991","Autism","M","11","BL","MRI","MP-RAGE","Original","1/01/2000","NiFTI","Yes"
"I328752","50992","Autism","M","11","BL","MRI","MP-RAGE","Original","1/01/2000","NiFTI","Yes"
"I329411","50993","Autism","M","11","BL","MRI","MP-RAGE","Original","1/01/2000","NiFTI","Yes"
"I329008","50994","Autism","M","16","BL","MRI","MP-RAGE","Original","1/01/2000","NiFTI","Yes"
"I328808","50995","Autism","M","17","BL","MRI","MP-RAGE","Original","1/01/2000","NiFTI","Yes"
"I329090","50996","Autism","M","16","BL","MRI","MP-RAGE","Original","1/01/2000","NiFTI","Yes"
"I329143","50997","Autism","M","16","BL","MRI","MP-RAGE","Original","1/01/2000","NiFTI","Yes"
"I329270","50998","Autism","M","13","BL","MRI","MP-RAGE","Original","1/01/2000","NiFTI","Yes"
"I329443","50999","Autism","M","15","BL","MRI","MP-RAGE","Original","1/01/2000","NiFTI","Yes"
"I329190","51000","Autism","M","13","BL","MRI","MP-RAGE","Original","1/01/2000","NiFTI","Yes"
"I328579","51001","Autism","M","11","BL","MRI","MP-RAGE","Original","1/01/2000","NiFTI","Yes"
"I328476","51002","Autism","M","7","BL","MRI","MP-RAGE","Original","1/01/2000","NiFTI","Yes"
"I329129","51003","Autism","M","9","BL","MRI","MP-RAGE","Original","1/01/2000","NiFTI","Yes"
"I329407","51006","Autism","M","11","BL","MRI","MP-RAGE","Original","1/01/2000","NiFTI","Yes"
"I329232","51007","Autism","M","12","BL","MRI","MP-RAGE","Original","1/01/2000","NiFTI","Yes"
"I328962","51008","Autism","M","12","BL","MRI","MP-RAGE","Original","1/01/2000","NiFTI","Yes"
"I329353","51009","Autism","M","11","BL","MRI","MP-RAGE","Original","1/01/2000","NiFTI","Yes"
"I329037","51010","Autism","M","9","BL","MRI","MP-RAGE","Original","1/01/2000","NiFTI","Yes"
"I328973","51011","Autism","M","9","BL","MRI","MP-RAGE","Original","1/01/2000","NiFTI","Yes"
"I329023","51012","Autism","M","10","BL","MRI","MP-RAGE","Original","1/01/2000","NiFTI","Yes"
"I329395","51013","Autism","M","7","BL","MRI","MP-RAGE","Original","1/01/2000","NiFTI","Yes"
"I328974","51014","Autism","M","11","BL","MRI","MP-RAGE","Original","1/01/2000","NiFTI","Yes"
"I329069","51015","Autism","M","30","BL","MRI","MP-RAGE","Original","1/01/2000","NiFTI","Yes"
"I328715","51016","Autism","M","23","BL","MRI","MP-RAGE","Original","1/01/2000","NiFTI","Yes"
"I329297","51017","Autism","M","22","BL","MRI","MP-RAGE","Original","1/01/2000","NiFTI","Yes"
"I328664","51018","Autism","M","20","BL","MRI","MP-RAGE","Original","1/01/2000","NiFTI","Yes"
"I329323","51019","Autism","M","22","BL","MRI","MP-RAGE","Original","1/01/2000","NiFTI","Yes"
"I329160","51020","Autism","M","29","BL","MRI","MP-RAGE","Original","1/01/2000","NiFTI","Yes"
"I328661","51021","Autism","M","24","BL","MRI","MP-RAGE","Original","1/01/2000","NiFTI","Yes"
"I328964","51023","Autism","M","21","BL","MRI","MP-RAGE","Original","1/01/2000","NiFTI","Yes"
"I329393","51024","Autism","M","39","BL","MRI","MP-RAGE","Original","1/01/2000","NiFTI","Yes"
"I329104","51025","Autism","M","20","BL","MRI","MP-RAGE","Original","1/01/2000","NiFTI","Yes"
"I328654","51026","Autism","M","19","BL","MRI","MP-RAGE","Original","1/01/2000","NiFTI","Yes"
"I329057","51027","Autism","M","23","BL","MRI","MP-RAGE","Original","1/01/2000","NiFTI","Yes"
"I329198","51028","Autism","M","29","BL","MRI","MP-RAGE","Original","1/01/2000","NiFTI","Yes"
"I329035","51029","Autism","M","27","BL","MRI","MP-RAGE","Original","1/01/2000","NiFTI","Yes"
"I328692","51030","Autism","M","7","BL","MRI","MP-RAGE","Original","1/01/2000","NiFTI","Yes"
"I329458","51032","Autism","M","7","BL","MRI","MP-RAGE","Original","1/01/2000","NiFTI","Yes"
"I329233","51033","Autism","M","10","BL","MRI","MP-RAGE","Original","1/01/2000","NiFTI","Yes"
"I329161","51034","Autism","M","11","BL","MRI","MP-RAGE","Original","1/01/2000","NiFTI","Yes"
"I329442","51035","Autism","M","10","BL","MRI","MP-RAGE","Original","1/01/2000","NiFTI","Yes"
"I329326","51036","Control","F","8","BL","MRI","MP-RAGE","Original","1/01/2000","NiFTI","Yes"
"I328703","51038","Control","F","8","BL","MRI","MP-RAGE","Original","1/01/2000","NiFTI","Yes"
"I329106","51039","Control","F","9","BL","MRI","MP-RAGE","Original","1/01/2000","NiFTI","Yes"
"I329287","51040","Control","F","9","BL","MRI","MP-RAGE","Original","1/01/2000","NiFTI","Yes"
"I328350","51041","Control","F","9","BL","MRI","MP-RAGE","Original","1/01/2000","NiFTI","Yes"
"I329210","51042","Control","F","9","BL","MRI","MP-RAGE","Original","1/01/2000","NiFTI","Yes"
"I328599","51044","Control","F","11","BL","MRI","MP-RAGE","Original","1/01/2000","NiFTI","Yes"
"I328942","51045","Control","F","12","BL","MRI","MP-RAGE","Original","1/01/2000","NiFTI","Yes"
"I329371","51046","Control","F","12","BL","MRI","MP-RAGE","Original","1/01/2000","NiFTI","Yes"
"I328699","51047","Control","F","12","BL","MRI","MP-RAGE","Original","1/01/2000","NiFTI","Yes"
"I328593","51048","Control","F","12","BL","MRI","MP-RAGE","Original","1/01/2000","NiFTI","Yes"
"I328885","51049","Control","F","13","BL","MRI","MP-RAGE","Original","1/01/2000","NiFTI","Yes"
"I328985","51050","Control","F","13","BL","MRI","MP-RAGE","Original","1/01/2000","NiFTI","Yes"
"I328914","51051","Control","F","14","BL","MRI","MP-RAGE","Original","1/01/2000","NiFTI","Yes"
"I328438","51052","Control","F","14","BL","MRI","MP-RAGE","Original","1/01/2000","NiFTI","Yes"
"I328878","51053","Control","F","14","BL","MRI","MP-RAGE","Original","1/01/2000","NiFTI","Yes"
"I329438","51054","Control","F","14","BL","MRI","MP-RAGE","Original","1/01/2000","NiFTI","Yes"
"I329357","51055","Control","F","16","BL","MRI","MP-RAGE","Original","1/01/2000","NiFTI","Yes"
"I328619","51056","Control","F","17","BL","MRI","MP-RAGE","Original","1/01/2000","NiFTI","Yes"
"I329216","51057","Control","F","22","BL","MRI","MP-RAGE","Original","1/01/2000","NiFTI","Yes"
"I328558","51058","Control","F","22","BL","MRI","MP-RAGE","Original","1/01/2000","NiFTI","Yes"
"I328677","51059","Control","F","23","BL","MRI","MP-RAGE","Original","1/01/2000","NiFTI","Yes"
"I328329","51060","Control","F","23","BL","MRI","MP-RAGE","Original","1/01/2000","NiFTI","Yes"
"I328395","51061","Control","F","27","BL","MRI","MP-RAGE","Original","1/01/2000","NiFTI","Yes"
"I328512","51062","Control","F","28","BL","MRI","MP-RAGE","Original","1/01/2000","NiFTI","Yes"
"I329005","51063","Control","F","29","BL","MRI","MP-RAGE","Original","1/01/2000","NiFTI","Yes"
"I329034","51064","Control","M","7","BL","MRI","MP-RAGE","Original","1/01/2000","NiFTI","Yes"
"I328591","51065","Control","M","11","BL","MRI","MP-RAGE","Original","1/01/2000","NiFTI","Yes"
"I329348","51066","Control","M","19","BL","MRI","MP-RAGE","Original","1/01/2000","NiFTI","Yes"
"I329331","51067","Control","M","24","BL","MRI","MP-RAGE","Original","1/01/2000","NiFTI","Yes"
"I328725","51068","Control","M","32","BL","MRI","MP-RAGE","Original","1/01/2000","NiFTI","Yes"
"I329454","51069","Control","M","8","BL","MRI","MP-RAGE","Original","1/01/2000","NiFTI","Yes"
"I329032","51070","Control","M","7","BL","MRI","MP-RAGE","Original","1/01/2000","NiFTI","Yes"
"I329082","51071","Control","M","11","BL","MRI","MP-RAGE","Original","1/01/2000","NiFTI","Yes"
"I329312","51072","Control","M","12","BL","MRI","MP-RAGE","Original","1/01/2000","NiFTI","Yes"
"I328351","51073","Control","M","12","BL","MRI","MP-RAGE","Original","1/01/2000","NiFTI","Yes"
"I328530","51074","Control","M","13","BL","MRI","MP-RAGE","Original","1/01/2000","NiFTI","Yes"
"I329366","51075","Control","M","14","BL","MRI","MP-RAGE","Original","1/01/2000","NiFTI","Yes"
"I328882","51076","Control","M","17","BL","MRI","MP-RAGE","Original","1/01/2000","NiFTI","Yes"
"I329071","51077","Control","M","17","BL","MRI","MP-RAGE","Original","1/01/2000","NiFTI","Yes"
"I329145","51078","Control","M","6","BL","MRI","MP-RAGE","Original","1/01/2000","NiFTI","Yes"
"I328376","51079","Control","M","7","BL","MRI","MP-RAGE","Original","1/01/2000","NiFTI","Yes"
"I328628","51080","Control","M","8","BL","MRI","MP-RAGE","Original","1/01/2000","NiFTI","Yes"
"I328704","51081","Control","M","9","BL","MRI","MP-RAGE","Original","1/01/2000","NiFTI","Yes"
"I329025","51082","Control","M","9","BL","MRI","MP-RAGE","Original","1/01/2000","NiFTI","Yes"
"I328685","51083","Control","M","9","BL","MRI","MP-RAGE","Original","1/01/2000","NiFTI","Yes"
"I329419","51084","Control","M","9","BL","MRI","MP-RAGE","Original","1/01/2000","NiFTI","Yes"
"I329368","51085","Control","M","10","BL","MRI","MP-RAGE","Original","1/01/2000","NiFTI","Yes"
"I328567","51086","Control","M","10","BL","MRI","MP-RAGE","Original","1/01/2000","NiFTI","Yes"
"I328637","51087","Control","M","11","BL","MRI","MP-RAGE","Original","1/01/2000","NiFTI","Yes"
"I329318","51088","Control","M","11","BL","MRI","MP-RAGE","Original","1/01/2000","NiFTI","Yes"
"I329094","51089","Control","M","11","BL","MRI","MP-RAGE","Original","1/01/2000","NiFTI","Yes"
"I328454","51090","Control","M","11","BL","MRI","MP-RAGE","Original","1/01/2000","NiFTI","Yes"
"I329019","51091","Control","M","11","BL","MRI","MP-RAGE","Original","1/01/2000","NiFTI","Yes"
"I329052","51093","Control","M","12","BL","MRI","MP-RAGE","Original","1/01/2000","NiFTI","Yes"
"I329288","51094","Control","M","12","BL","MRI","MP-RAGE","Original","1/01/2000","NiFTI","Yes"
"I329275","51095","Control","M","12","BL","MRI","MP-RAGE","Original","1/01/2000","NiFTI","Yes"
"I329342","51096","Control","M","13","BL","MRI","MP-RAGE","Original","1/01/2000","NiFTI","Yes"
"I329447","51097","Control","M","14","BL","MRI","MP-RAGE","Original","1/01/2000","NiFTI","Yes"
"I329087","51098","Control","M","14","BL","MRI","MP-RAGE","Original","1/01/2000","NiFTI","Yes"
"I329432","51099","Control","M","14","BL","MRI","MP-RAGE","Original","1/01/2000","NiFTI","Yes"
"I328721","51100","Control","M","14","BL","MRI","MP-RAGE","Original","1/01/2000","NiFTI","Yes"
"I329333","51101","Control","M","14","BL","MRI","MP-RAGE","Original","1/01/2000","NiFTI","Yes"
"I328739","51102","Control","M","15","BL","MRI","MP-RAGE","Original","1/01/2000","NiFTI","Yes"
"I329380","51103","Control","M","15","BL","MRI","MP-RAGE","Original","1/01/2000","NiFTI","Yes"
"I328731","51104","Control","M","15","BL","MRI","MP-RAGE","Original","1/01/2000","NiFTI","Yes"
"I329313","51105","Control","M","15","BL","MRI","MP-RAGE","Original","1/01/2000","NiFTI","Yes"
"I329141","51106","Control","M","15","BL","MRI","MP-RAGE","Original","1/01/2000","NiFTI","Yes"
"I328635","51107","Control","M","16","BL","MRI","MP-RAGE","Original","1/01/2000","NiFTI","Yes"
"I329416","51108","Control","M","16","BL","MRI","MP-RAGE","Original","1/01/2000","NiFTI","Yes"
"I329273","51109","Control","M","16","BL","MRI","MP-RAGE","Original","1/01/2000","NiFTI","Yes"
"I328568","51110","Control","M","16","BL","MRI","MP-RAGE","Original","1/01/2000","NiFTI","Yes"
"I329299","51111","Control","M","17","BL","MRI","MP-RAGE","Original","1/01/2000","NiFTI","Yes"
"I329108","51112","Control","M","19","BL","MRI","MP-RAGE","Original","1/01/2000","NiFTI","Yes"
"I328372","51113","Control","M","22","BL","MRI","MP-RAGE","Original","1/01/2000","NiFTI","Yes"
"I328706","51114","Control","M","22","BL","MRI","MP-RAGE","Original","1/01/2000","NiFTI","Yes"
"I328477","51115","Control","M","23","BL","MRI","MP-RAGE","Original","1/01/2000","NiFTI","Yes"
"I329338","51116","Control","M","25","BL","MRI","MP-RAGE","Original","1/01/2000","NiFTI","Yes"
"I328683","51117","Control","M","28","BL","MRI","MP-RAGE","Original","1/01/2000","NiFTI","Yes"
"I328832","51118","Control","M","29","BL","MRI","MP-RAGE","Original","1/01/2000","NiFTI","Yes"
"I329346","51119","Control","M","31","BL","MRI","MP-RAGE","Original","1/01/2000","NiFTI","Yes"
"I329468","51120","Control","M","10","BL","MRI","MP-RAGE","Original","1/01/2000","NiFTI","Yes"
"I329339","51121","Control","M","11","BL","MRI","MP-RAGE","Original","1/01/2000","NiFTI","Yes"
"I328562","51122","Control","M","12","BL","MRI","MP-RAGE","Original","1/01/2000","NiFTI","Yes"
"I329169","51123","Control","M","12","BL","MRI","MP-RAGE","Original","1/01/2000","NiFTI","Yes"
"I328944","51124","Control","M","13","BL","MRI","MP-RAGE","Original","1/01/2000","NiFTI","Yes"
"I329142","51125","Control","M","15","BL","MRI","MP-RAGE","Original","1/01/2000","NiFTI","Yes"
"I328662","51126","Control","M","16","BL","MRI","MP-RAGE","Original","1/01/2000","NiFTI","Yes"
"I329405","51127","Control","M","17","BL","MRI","MP-RAGE","Original","1/01/2000","NiFTI","Yes"
"I328751","51128","Control","M","17","BL","MRI","MP-RAGE","Original","1/01/2000","NiFTI","Yes"
"I328767","51129","Control","M","18","BL","MRI","MP-RAGE","Original","1/01/2000","NiFTI","Yes"
"I329192","51130","Control","M","19","BL","MRI","MP-RAGE","Original","1/01/2000","NiFTI","Yes"
"I328663","51131","Control","M","20","BL","MRI","MP-RAGE","Original","1/01/2000","NiFTI","Yes"
"I330304","51132","Control","M","25","BL","MRI","MP-RAGE","Original","1/01/2000","NiFTI","Yes"
"I330284","51133","Control","M","12","BL","MRI","MP-RAGE","Original","1/01/2000","NiFTI","Yes"
"I330314","51134","Control","M","17","BL","MRI","MP-RAGE","Original","1/01/2000","NiFTI","Yes"
"I330322","51135","Control","M","14","BL","MRI","MP-RAGE","Original","1/01/2000","NiFTI","Yes"
"I330311","51136","Control","M","13","BL","MRI","MP-RAGE","Original","1/01/2000","NiFTI","Yes"
"I330293","51137","Control","M","13","BL","MRI","MP-RAGE","Original","1/01/2000","NiFTI","Yes"
"I330341","51138","Control","M","13","BL","MRI","MP-RAGE","Original","1/01/2000","NiFTI","Yes"
"I330280","51139","Control","M","20","BL","MRI","MP-RAGE","Original","1/01/2000","NiFTI","Yes"
"I330338","51140","Control","M","16","BL","MRI","MP-RAGE","Original","1/01/2000","NiFTI","Yes"
"I330329","51141","Control","M","16","BL","MRI","MP-RAGE","Original","1/01/2000","NiFTI","Yes"
"I330309","51142","Control","M","15","BL","MRI","MP-RAGE","Original","1/01/2000","NiFTI","Yes"
"I329155","51146","Control","M","20","BL","MRI","MP-RAGE","Original","1/01/2000","NiFTI","Yes"
"I328838","51147","Control","M","20","BL","MRI","MP-RAGE","Original","1/01/2000","NiFTI","Yes"
"I328957","51148","Control","M","20","BL","MRI","MP-RAGE","Original","1/01/2000","NiFTI","Yes"
"I329434","51149","Control","M","21","BL","MRI","MP-RAGE","Original","1/01/2000","NiFTI","Yes"
"I329121","51150","Control","M","23","BL","MRI","MP-RAGE","Original","1/01/2000","NiFTI","Yes"
"I328810","51151","Control","M","23","BL","MRI","MP-RAGE","Original","1/01/2000","NiFTI","Yes"
"I329440","51152","Control","M","23","BL","MRI","MP-RAGE","Original","1/01/2000","NiFTI","Yes"
"I329135","51153","Control","M","26","BL","MRI","MP-RAGE","Original","1/01/2000","NiFTI","Yes"
"I329329","51154","Control","M","30","BL","MRI","MP-RAGE","Original","1/01/2000","NiFTI","Yes"
"I328960","51155","Control","M","31","BL","MRI","MP-RAGE","Original","1/01/2000","NiFTI","Yes"
"I329140","51156","Control","M","21","BL","MRI","MP-RAGE","Original","1/01/2000","NiFTI","Yes"
"I328582","51159","Control","M","13","BL","MRI","MP-RAGE","Original","1/01/2000","NiFTI","Yes"
"I330325","51160","Autism","M","8","BL","MRI","MP-RAGE","Original","1/01/2000","NiFTI","Yes"
"I330299","51161","Autism","M","9","BL","MRI","MP-RAGE","Original","1/01/2000","NiFTI","Yes"
"I330285","51162","Autism","F","9","BL","MRI","MP-RAGE","Original","1/01/2000","NiFTI","Yes"
"I328920","51163","Autism","M","9","BL","MRI","MP-RAGE","Original","1/01/2000","NiFTI","Yes"
"I330303","51164","Autism","F","8","BL","MRI","MP-RAGE","Original","1/01/2000","NiFTI","Yes"
"I328691","51165","Autism","M","12","BL","MRI","MP-RAGE","Original","1/01/2000","NiFTI","Yes"
"I330283","51166","Autism","M","8","BL","MRI","MP-RAGE","Original","1/01/2000","NiFTI","Yes"
"I330335","51167","Autism","F","12","BL","MRI","MP-RAGE","Original","1/01/2000","NiFTI","Yes"
"I328674","51168","Autism","M","11","BL","MRI","MP-RAGE","Original","1/01/2000","NiFTI","Yes"
"I330279","51169","Autism","M","10","BL","MRI","MP-RAGE","Original","1/01/2000","NiFTI","Yes"
"I330333","51170","Autism","F","11","BL","MRI","MP-RAGE","Original","1/01/2000","NiFTI","Yes"
"I329009","51171","Autism","M","13","BL","MRI","MP-RAGE","Original","1/01/2000","NiFTI","Yes"
"I330334","51172","Autism","M","9","BL","MRI","MP-RAGE","Original","1/01/2000","NiFTI","Yes"
"I330320","51173","Autism","M","8","BL","MRI","MP-RAGE","Original","1/01/2000","NiFTI","Yes"
"I330318","51174","Autism","M","10","BL","MRI","MP-RAGE","Original","1/01/2000","NiFTI","Yes"
"I328930","51175","Autism","M","9","BL","MRI","MP-RAGE","Original","1/01/2000","NiFTI","Yes"
"I330300","51176","Autism","M","9","BL","MRI","MP-RAGE","Original","1/01/2000","NiFTI","Yes"
"I330315","51177","Autism","M","12","BL","MRI","MP-RAGE","Original","1/01/2000","NiFTI","Yes"
"I330332","51178","Autism","M","11","BL","MRI","MP-RAGE","Original","1/01/2000","NiFTI","Yes"
"I330291","51179","Autism","M","12","BL","MRI","MP-RAGE","Original","1/01/2000","NiFTI","Yes"
"I330294","51180","Control","F","8","BL","MRI","MP-RAGE","Original","1/01/2000","NiFTI","Yes"
"I328925","51181","Control","M","9","BL","MRI","MP-RAGE","Original","1/01/2000","NiFTI","Yes"
"I330298","51182","Control","M","11","BL","MRI","MP-RAGE","Original","1/01/2000","NiFTI","Yes"
"I328796","51183","Control","M","8","BL","MRI","MP-RAGE","Original","1/01/2000","NiFTI","Yes"
"I330274","51184","Control","F","9","BL","MRI","MP-RAGE","Original","1/01/2000","NiFTI","Yes"
"I330308","51185","Control","M","8","BL","MRI","MP-RAGE","Original","1/01/2000","NiFTI","Yes"
"I330327","51186","Control","M","8","BL","MRI","MP-RAGE","Original","1/01/2000","NiFTI","Yes"
"I328778","51187","Control","M","8","BL","MRI","MP-RAGE","Original","1/01/2000","NiFTI","Yes"
"I328738","51188","Control","F","9","BL","MRI","MP-RAGE","Original","1/01/2000","NiFTI","Yes"
"I328959","51189","Control","M","9","BL","MRI","MP-RAGE","Original","1/01/2000","NiFTI","Yes"
"I328848","51190","Control","M","9","BL","MRI","MP-RAGE","Original","1/01/2000","NiFTI","Yes"
"I328806","51191","Control","M","10","BL","MRI","MP-RAGE","Original","1/01/2000","NiFTI","Yes"
"I328946","51192","Control","F","10","BL","MRI","MP-RAGE","Original","1/01/2000","NiFTI","Yes"
"I328709","51193","Control","M","10","BL","MRI","MP-RAGE","Original","1/01/2000","NiFTI","Yes"
"I328923","51194","Control","M","12","BL","MRI","MP-RAGE","Original","1/01/2000","NiFTI","Yes"
"I328681","51195","Control","M","11","BL","MRI","MP-RAGE","Original","1/01/2000","NiFTI","Yes"
"I328976","51196","Control","M","12","BL","MRI","MP-RAGE","Original","1/01/2000","NiFTI","Yes"
"I328827","51197","Control","M","12","BL","MRI","MP-RAGE","Original","1/01/2000","NiFTI","Yes"
"I328996","51198","Control","M","12","BL","MRI","MP-RAGE","Original","1/01/2000","NiFTI","Yes"
"I328702","51199","Control","M","12","BL","MRI","MP-RAGE","Original","1/01/2000","NiFTI","Yes"
"I326699","51201","Autism","M","14","BL","MRI","Matched Bandwidth Hires","Original","1/01/2000","NiFTI","Yes"
"I328769","51201","Autism","M","14","BL","MRI","MP-RAGE","Original","1/01/2000","NiFTI","Yes"
"I326763","51202","Autism","M","12","BL","MRI","Matched Bandwidth Hires","Original","1/01/2000","NiFTI","Yes"
"I329096","51202","Autism","M","12","BL","MRI","MP-RAGE","Original","1/01/2000","NiFTI","Yes"
"I326751","51203","Autism","M","13","BL","MRI","Matched Bandwidth Hires","Original","1/01/2000","NiFTI","Yes"
"I328988","51203","Autism","M","13","BL","MRI","MP-RAGE","Original","1/01/2000","NiFTI","Yes"
"I326725","51204","Autism","M","15","BL","MRI","Matched Bandwidth Hires","Original","1/01/2000","NiFTI","Yes"
"I328901","51204","Autism","M","15","BL","MRI","MP-RAGE","Original","1/01/2000","NiFTI","Yes"
"I326694","51205","Autism","M","18","BL","MRI","Matched Bandwidth Hires","Original","1/01/2000","NiFTI","Yes"
"I329114","51205","Autism","M","18","BL","MRI","MP-RAGE","Original","1/01/2000","NiFTI","Yes"
"I326816","51206","Autism","M","16","BL","MRI","Matched Bandwidth Hires","Original","1/01/2000","NiFTI","Yes"
"I329451","51206","Autism","M","16","BL","MRI","MP-RAGE","Original","1/01/2000","NiFTI","Yes"
"I326756","51207","Autism","F","14","BL","MRI","Matched Bandwidth Hires","Original","1/01/2000","NiFTI","Yes"
"I329047","51207","Autism","F","14","BL","MRI","MP-RAGE","Original","1/01/2000","NiFTI","Yes"
"I326679","51208","Autism","M","17","BL","MRI","Matched Bandwidth Hires","Original","1/01/2000","NiFTI","Yes"
"I328843","51208","Autism","M","17","BL","MRI","MP-RAGE","Original","1/01/2000","NiFTI","Yes"
"I326792","51209","Autism","M","10","BL","MRI","Matched Bandwidth Hires","Original","1/01/2000","NiFTI","Yes"
"I328719","51209","Autism","M","10","BL","MRI","MP-RAGE","Original","1/01/2000","NiFTI","Yes"
"I326650","51210","Autism","M","17","BL","MRI","Matched Bandwidth Hires","Original","1/01/2000","NiFTI","Yes"
"I329373","51210","Autism","M","17","BL","MRI","MP-RAGE","Original","1/01/2000","NiFTI","Yes"
"I326730","51211","Autism","M","11","BL","MRI","Matched Bandwidth Hires","Original","1/01/2000","NiFTI","Yes"
"I329060","51211","Autism","M","11","BL","MRI","MP-RAGE","Original","1/01/2000","NiFTI","Yes"
"I326765","51212","Autism","M","16","BL","MRI","Matched Bandwidth Hires","Original","1/01/2000","NiFTI","Yes"
"I329389","51212","Autism","M","16","BL","MRI","MP-RAGE","Original","1/01/2000","NiFTI","Yes"
"I326799","51213","Autism","M","9","BL","MRI","Matched Bandwidth Hires","Original","1/01/2000","NiFTI","Yes"
"I328596","51213","Autism","M","9","BL","MRI","MP-RAGE","Original","1/01/2000","NiFTI","Yes"
"I326710","51214","Autism","M","10","BL","MRI","Matched Bandwidth Hires","Original","1/01/2000","NiFTI","Yes"
"I328672","51214","Autism","M","10","BL","MRI","MP-RAGE","Original","1/01/2000","NiFTI","Yes"
"I326827","51215","Autism","F","12","BL","MRI","Matched Bandwidth Hires","Original","1/01/2000","NiFTI","Yes"
"I328777","51215","Autism","F","12","BL","MRI","MP-RAGE","Original","1/01/2000","NiFTI","Yes"
"I326796","51216","Autism","M","11","BL","MRI","Matched Bandwidth Hires","Original","1/01/2000","NiFTI","Yes"
"I328836","51216","Autism","M","11","BL","MRI","MP-RAGE","Original","1/01/2000","NiFTI","Yes"
"I326832","51217","Autism","M","15","BL","MRI","Matched Bandwidth Hires","Original","1/01/2000","NiFTI","Yes"
"I329399","51217","Autism","M","15","BL","MRI","MP-RAGE","Original","1/01/2000","NiFTI","Yes"
"I326807","51218","Autism","M","17","BL","MRI","Matched Bandwidth Hires","Original","1/01/2000","NiFTI","Yes"
"I329041","51218","Autism","M","17","BL","MRI","MP-RAGE","Original","1/01/2000","NiFTI","Yes"
"I326670","51219","Autism","F","14","BL","MRI","Matched Bandwidth Hires","Original","1/01/2000","NiFTI","Yes"
"I329459","51219","Autism","F","14","BL","MRI","MP-RAGE","Original","1/01/2000","NiFTI","Yes"
"I326755","51220","Autism","M","15","BL","MRI","Matched Bandwidth Hires","Original","1/01/2000","NiFTI","Yes"
"I329018","51220","Autism","M","15","BL","MRI","MP-RAGE","Original","1/01/2000","NiFTI","Yes"
"I326687","51221","Autism","M","15","BL","MRI","Matched Bandwidth Hires","Original","1/01/2000","NiFTI","Yes"
"I328756","51221","Autism","M","15","BL","MRI","MP-RAGE","Original","1/01/2000","NiFTI","Yes"
"I326789","51222","Autism","M","12","BL","MRI","Matched Bandwidth Hires","Original","1/01/2000","NiFTI","Yes"
"I329093","51222","Autism","M","12","BL","MRI","MP-RAGE","Original","1/01/2000","NiFTI","Yes"
"I326732","51223","Autism","M","13","BL","MRI","Matched Bandwidth Hires","Original","1/01/2000","NiFTI","Yes"
"I329100","51223","Autism","M","13","BL","MRI","MP-RAGE","Original","1/01/2000","NiFTI","Yes"
"I326729","51224","Autism","M","13","BL","MRI","Matched Bandwidth Hires","Original","1/01/2000","NiFTI","Yes"
"I329375","51224","Autism","M","13","BL","MRI","MP-RAGE","Original","1/01/2000","NiFTI","Yes"
"I326834","51225","Autism","M","12","BL","MRI","Matched Bandwidth Hires","Original","1/01/2000","NiFTI","Yes"
"I329420","51225","Autism","M","12","BL","MRI","MP-RAGE","Original","1/01/2000","NiFTI","Yes"
"I326790","51226","Autism","F","9","BL","MRI","Matched Bandwidth Hires","Original","1/01/2000","NiFTI","Yes"
"I329017","51226","Autism","F","9","BL","MRI","MP-RAGE","Original","1/01/2000","NiFTI","Yes"
"I326662","51227","Autism","M","15","BL","MRI","Matched Bandwidth Hires","Original","1/01/2000","NiFTI","Yes"
"I328675","51227","Autism","M","15","BL","MRI","MP-RAGE","Original","1/01/2000","NiFTI","Yes"
"I326666","51228","Autism","F","8","BL","MRI","Matched Bandwidth Hires","Original","1/01/2000","NiFTI","Yes"
"I329470","51228","Autism","F","8","BL","MRI","MP-RAGE","Original","1/01/2000","NiFTI","Yes"
"I326696","51229","Autism","M","15","BL","MRI","Matched Bandwidth Hires","Original","1/01/2000","NiFTI","Yes"
"I329148","51229","Autism","M","15","BL","MRI","MP-RAGE","Original","1/01/2000","NiFTI","Yes"
"I326655","51230","Autism","F","18","BL","MRI","Matched Bandwidth Hires","Original","1/01/2000","NiFTI","Yes"
"I328790","51230","Autism","F","18","BL","MRI","MP-RAGE","Original","1/01/2000","NiFTI","Yes"
"I326659","51231","Autism","M","10","BL","MRI","Matched Bandwidth Hires","Original","1/01/2000","NiFTI","Yes"
"I328479","51231","Autism","M","10","BL","MRI","MP-RAGE","Original","1/01/2000","NiFTI","Yes"
"I326740","51232","Autism","M","16","BL","MRI","Matched Bandwidth Hires","Original","1/01/2000","NiFTI","Yes"
"I326647","51233","Autism","M","13","BL","MRI","Matched Bandwidth Hires","Original","1/01/2000","NiFTI","Yes"
"I326681","51234","Autism","M","11","BL","MRI","Matched Bandwidth Hires","Original","1/01/2000","NiFTI","Yes"
"I328909","51234","Autism","M","11","BL","MRI","MP-RAGE","Original","1/01/2000","NiFTI","Yes"
"I326836","51235","Autism","M","11","BL","MRI","Matched Bandwidth Hires","Original","1/01/2000","NiFTI","Yes"
"I328870","51235","Autism","M","11","BL","MRI","MP-RAGE","Original","1/01/2000","NiFTI","Yes"
"I326645","51236","Autism","M","12","BL","MRI","Matched Bandwidth Hires","Original","1/01/2000","NiFTI","Yes"
"I328625","51236","Autism","M","12","BL","MRI","MP-RAGE","Original","1/01/2000","NiFTI","Yes"
"I326767","51237","Autism","M","17","BL","MRI","Matched Bandwidth Hires","Original","1/01/2000","NiFTI","Yes"
"I328510","51237","Autism","M","17","BL","MRI","MP-RAGE","Original","1/01/2000","NiFTI","Yes"
"I326654","51238","Autism","M","11","BL","MRI","Matched Bandwidth Hires","Original","1/01/2000","NiFTI","Yes"
"I329014","51238","Autism","M","11","BL","MRI","MP-RAGE","Original","1/01/2000","NiFTI","Yes"
"I326754","51239","Autism","M","14","BL","MRI","Matched Bandwidth Hires","Original","1/01/2000","NiFTI","Yes"
"I328373","51239","Autism","M","14","BL","MRI","MP-RAGE","Original","1/01/2000","NiFTI","Yes"
"I326651","51240","Autism","M","15","BL","MRI","Matched Bandwidth Hires","Original","1/01/2000","NiFTI","Yes"
"I328468","51240","Autism","M","15","BL","MRI","MP-RAGE","Original","1/01/2000","NiFTI","Yes"
"I326829","51241","Autism","M","11","BL","MRI","Matched Bandwidth Hires","Original","1/01/2000","NiFTI","Yes"
"I328800","51241","Autism","M","11","BL","MRI","MP-RAGE","Original","1/01/2000","NiFTI","Yes"
"I326660","51242","Autism","F","14","BL","MRI","Matched Bandwidth Hires","Original","1/01/2000","NiFTI","Yes"
"I326735","51243","Autism","M","12","BL","MRI","Matched Bandwidth Hires","Original","1/01/2000","NiFTI","Yes"
"I326664","51244","Autism","M","13","BL","MRI","Matched Bandwidth Hires","Original","1/01/2000","NiFTI","Yes"
"I326711","51245","Autism","M","15","BL","MRI","Matched Bandwidth Hires","Original","1/01/2000","NiFTI","Yes"
"I326758","51246","Autism","M","13","BL","MRI","Matched Bandwidth Hires","Original","1/01/2000","NiFTI","Yes"
"I326843","51247","Autism","M","12","BL","MRI","Matched Bandwidth Hires","Original","1/01/2000","NiFTI","Yes"
"I326841","51248","Autism","M","14","BL","MRI","Matched Bandwidth Hires","Original","1/01/2000","NiFTI","Yes"
"I328377","51248","Autism","M","14","BL","MRI","MP-RAGE","Original","1/01/2000","NiFTI","Yes"
"I326648","51249","Autism","M","8","BL","MRI","Matched Bandwidth Hires","Original","1/01/2000","NiFTI","Yes"
"I328439","51249","Autism","M","8","BL","MRI","MP-RAGE","Original","1/01/2000","NiFTI","Yes"
"I326683","51250","Control","M","15","BL","MRI","Matched Bandwidth Hires","Original","1/01/2000","NiFTI","Yes"
"I328357","51250","Control","M","15","BL","MRI","MP-RAGE","Original","1/01/2000","NiFTI","Yes"
"I326844","51251","Control","M","12","BL","MRI","Matched Bandwidth Hires","Original","1/01/2000","NiFTI","Yes"
"I328421","51251","Control","M","12","BL","MRI","MP-RAGE","Original","1/01/2000","NiFTI","Yes"
"I326828","51252","Control","M","11","BL","MRI","Matched Bandwidth Hires","Original","1/01/2000","NiFTI","Yes"
"I329367","51252","Control","M","11","BL","MRI","MP-RAGE","Original","1/01/2000","NiFTI","Yes"
"I326646","51253","Control","M","12","BL","MRI","Matched Bandwidth Hires","Original","1/01/2000","NiFTI","Yes"
"I328669","51253","Control","M","12","BL","MRI","MP-RAGE","Original","1/01/2000","NiFTI","Yes"
"I326775","51254","Control","M","14","BL","MRI","Matched Bandwidth Hires","Original","1/01/2000","NiFTI","Yes"
"I328673","51254","Control","M","14","BL","MRI","MP-RAGE","Original","1/01/2000","NiFTI","Yes"
"I326768","51255","Control","M","15","BL","MRI","Matched Bandwidth Hires","Original","1/01/2000","NiFTI","Yes"
"I329086","51255","Control","M","15","BL","MRI","MP-RAGE","Original","1/01/2000","NiFTI","Yes"
"I326835","51256","Control","M","15","BL","MRI","Matched Bandwidth Hires","Original","1/01/2000","NiFTI","Yes"
"I328547","51256","Control","M","15","BL","MRI","MP-RAGE","Original","1/01/2000","NiFTI","Yes"
"I326726","51257","Control","M","13","BL","MRI","Matched Bandwidth Hires","Original","1/01/2000","NiFTI","Yes"
"I329003","51257","Control","M","13","BL","MRI","MP-RAGE","Original","1/01/2000","NiFTI","Yes"
"I326764","51258","Control","M","12","BL","MRI","Matched Bandwidth Hires","Original","1/01/2000","NiFTI","Yes"
"I328867","51258","Control","M","12","BL","MRI","MP-RAGE","Original","1/01/2000","NiFTI","Yes"
"I326830","51259","Control","M","11","BL","MRI","Matched Bandwidth Hires","Original","1/01/2000","NiFTI","Yes"
"I329199","51259","Control","M","11","BL","MRI","MP-RAGE","Original","1/01/2000","NiFTI","Yes"
"I326717","51260","Control","M","14","BL","MRI","Matched Bandwidth Hires","Original","1/01/2000","NiFTI","Yes"
"I329345","51260","Control","M","14","BL","MRI","MP-RAGE","Original","1/01/2000","NiFTI","Yes"
"I326800","51261","Control","M","18","BL","MRI","Matched Bandwidth Hires","Original","1/01/2000","NiFTI","Yes"
"I329385","51261","Control","M","18","BL","MRI","MP-RAGE","Original","1/01/2000","NiFTI","Yes"
"I326757","51262","Control","M","12","BL","MRI","Matched Bandwidth Hires","Original","1/01/2000","NiFTI","Yes"
"I328561","51262","Control","M","12","BL","MRI","MP-RAGE","Original","1/01/2000","NiFTI","Yes"
"I326794","51263","Control","M","16","BL","MRI","Matched Bandwidth Hires","Original","1/01/2000","NiFTI","Yes"
"I328326","51263","Control","M","16","BL","MRI","MP-RAGE","Original","1/01/2000","NiFTI","Yes"
"I326825","51264","Control","F","13","BL","MRI","Matched Bandwidth Hires","Original","1/01/2000","NiFTI","Yes"
"I328553","51264","Control","F","13","BL","MRI","MP-RAGE","Original","1/01/2000","NiFTI","Yes"
"I326842","51265","Control","M","16","BL","MRI","Matched Bandwidth Hires","Original","1/01/2000","NiFTI","Yes"
"I329241","51265","Control","M","16","BL","MRI","MP-RAGE","Original","1/01/2000","NiFTI","Yes"
"I326731","51266","Control","M","14","BL","MRI","Matched Bandwidth Hires","Original","1/01/2000","NiFTI","Yes"
"I328529","51266","Control","M","14","BL","MRI","MP-RAGE","Original","1/01/2000","NiFTI","Yes"
"I326688","51267","Control","F","11","BL","MRI","Matched Bandwidth Hires","Original","1/01/2000","NiFTI","Yes"
"I329446","51267","Control","F","11","BL","MRI","MP-RAGE","Original","1/01/2000","NiFTI","Yes"
"I326684","51268","Control","M","18","BL","MRI","Matched Bandwidth Hires","Original","1/01/2000","NiFTI","Yes"
"I329305","51268","Control","M","18","BL","MRI","MP-RAGE","Original","1/01/2000","NiFTI","Yes"
"I326695","51269","Control","M","14","BL","MRI","Matched Bandwidth Hires","Original","1/01/2000","NiFTI","Yes"
"I328779","51269","Control","M","14","BL","MRI","MP-RAGE","Original","1/01/2000","NiFTI","Yes"
"I326680","51270","Control","M","11","BL","MRI","Matched Bandwidth Hires","Original","1/01/2000","NiFTI","Yes"
"I326784","51271","Control","M","12","BL","MRI","Matched Bandwidth Hires","Original","1/01/2000","NiFTI","Yes"
"I328312","51271","Control","M","12","BL","MRI","MP-RAGE","Original","1/01/2000","NiFTI","Yes"
"I326728","51272","Control","M","13","BL","MRI","Matched Bandwidth Hires","Original","1/01/2000","NiFTI","Yes"
"I328436","51272","Control","M","13","BL","MRI","MP-RAGE","Original","1/01/2000","NiFTI","Yes"
"I326783","51273","Control","M","13","BL","MRI","Matched Bandwidth Hires","Original","1/01/2000","NiFTI","Yes"
"I329128","51273","Control","M","13","BL","MRI","MP-RAGE","Original","1/01/2000","NiFTI","Yes"
"I326791","51274","Control","M","11","BL","MRI","Matched Bandwidth Hires","Original","1/01/2000","NiFTI","Yes"
"I329325","51274","Control","M","11","BL","MRI","MP-RAGE","Original","1/01/2000","NiFTI","Yes"
"I326656","51275","Control","M","16","BL","MRI","Matched Bandwidth Hires","Original","1/01/2000","NiFTI","Yes"
"I329428","51275","Control","M","16","BL","MRI","MP-RAGE","Original","1/01/2000","NiFTI","Yes"
"I326831","51276","Control","M","14","BL","MRI","Matched Bandwidth Hires","Original","1/01/2000","NiFTI","Yes"
"I329467","51276","Control","M","14","BL","MRI","MP-RAGE","Original","1/01/2000","NiFTI","Yes"
"I326797","51277","Control","M","12","BL","MRI","Matched Bandwidth Hires","Original","1/01/2000","NiFTI","Yes"
"I329363","51277","Control","M","12","BL","MRI","MP-RAGE","Original","1/01/2000","NiFTI","Yes"
"I326652","51278","Control","M","9","BL","MRI","Matched Bandwidth Hires","Original","1/01/2000","NiFTI","Yes"
"I328899","51278","Control","M","9","BL","MRI","MP-RAGE","Original","1/01/2000","NiFTI","Yes"
"I326689","51279","Control","F","14","BL","MRI","Matched Bandwidth Hires","Original","1/01/2000","NiFTI","Yes"
"I329425","51279","Control","F","14","BL","MRI","MP-RAGE","Original","1/01/2000","NiFTI","Yes"
"I326704","51280","Control","M","10","BL","MRI","Matched Bandwidth Hires","Original","1/01/2000","NiFTI","Yes"
"I329112","51280","Control","M","10","BL","MRI","MP-RAGE","Original","1/01/2000","NiFTI","Yes"
"I326795","51281","Control","M","12","BL","MRI","Matched Bandwidth Hires","Original","1/01/2000","NiFTI","Yes"
"I329048","51281","Control","M","12","BL","MRI","MP-RAGE","Original","1/01/2000","NiFTI","Yes"
"I326785","51282","Control","F","13","BL","MRI","Matched Bandwidth Hires","Original","1/01/2000","NiFTI","Yes"
"I328534","51282","Control","F","13","BL","MRI","MP-RAGE","Original","1/01/2000","NiFTI","Yes"
"I326793","51291","Autism","M","16","BL","MRI","Matched Bandwidth Hires","Original","1/01/2000","NiFTI","Yes"
"I328406","51291","Autism","M","16","BL","MRI","MP-RAGE","Original","1/01/2000","NiFTI","Yes"
"I326798","51292","Autism","M","12","BL","MRI","Matched Bandwidth Hires","Original","1/01/2000","NiFTI","Yes"
"I329066","51292","Autism","M","12","BL","MRI","MP-RAGE","Original","1/01/2000","NiFTI","Yes"
"I326750","51293","Autism","M","13","BL","MRI","Matched Bandwidth Hires","Original","1/01/2000","NiFTI","Yes"
"I328831","51293","Autism","M","13","BL","MRI","MP-RAGE","Original","1/01/2000","NiFTI","Yes"
"I326833","51294","Autism","M","12","BL","MRI","Matched Bandwidth Hires","Original","1/01/2000","NiFTI","Yes"
"I329154","51294","Autism","M","12","BL","MRI","MP-RAGE","Original","1/01/2000","NiFTI","Yes"
"I326738","51295","Autism","M","10","BL","MRI","Matched Bandwidth Hires","Original","1/01/2000","NiFTI","Yes"
"I329377","51295","Autism","M","10","BL","MRI","MP-RAGE","Original","1/01/2000","NiFTI","Yes"
"I326724","51296","Autism","M","11","BL","MRI","Matched Bandwidth Hires","Original","1/01/2000","NiFTI","Yes"
"I329122","51296","Autism","M","11","BL","MRI","MP-RAGE","Original","1/01/2000","NiFTI","Yes"
"I326686","51297","Autism","M","14","BL","MRI","Matched Bandwidth Hires","Original","1/01/2000","NiFTI","Yes"
"I328432","51297","Autism","M","14","BL","MRI","MP-RAGE","Original","1/01/2000","NiFTI","Yes"
"I326801","51298","Autism","M","11","BL","MRI","Matched Bandwidth Hires","Original","1/01/2000","NiFTI","Yes"
"I329062","51298","Autism","M","11","BL","MRI","MP-RAGE","Original","1/01/2000","NiFTI","Yes"
"I326766","51299","Autism","M","15","BL","MRI","Matched Bandwidth Hires","Original","1/01/2000","NiFTI","Yes"
"I329118","51299","Autism","M","15","BL","MRI","MP-RAGE","Original","1/01/2000","NiFTI","Yes"
"I326663","51300","Autism","M","14","BL","MRI","Matched Bandwidth Hires","Original","1/01/2000","NiFTI","Yes"
"I328861","51300","Autism","M","14","BL","MRI","MP-RAGE","Original","1/01/2000","NiFTI","Yes"
"I326733","51301","Autism","M","13","BL","MRI","Matched Bandwidth Hires","Original","1/01/2000","NiFTI","Yes"
"I329474","51301","Autism","M","13","BL","MRI","MP-RAGE","Original","1/01/2000","NiFTI","Yes"
"I326753","51302","Autism","M","11","BL","MRI","Matched Bandwidth Hires","Original","1/01/2000","NiFTI","Yes"
"I329267","51302","Autism","M","11","BL","MRI","MP-RAGE","Original","1/01/2000","NiFTI","Yes"
"I326787","51303","Control","F","13","BL","MRI","Matched Bandwidth Hires","Original","1/01/2000","NiFTI","Yes"
"I329166","51303","Control","F","13","BL","MRI","MP-RAGE","Original","1/01/2000","NiFTI","Yes"
"I326782","51304","Control","M","11","BL","MRI","Matched Bandwidth Hires","Original","1/01/2000","NiFTI","Yes"
"I328727","51304","Control","M","11","BL","MRI","MP-RAGE","Original","1/01/2000","NiFTI","Yes"
"I326749","51305","Control","F","13","BL","MRI","Matched Bandwidth Hires","Original","1/01/2000","NiFTI","Yes"
"I328948","51305","Control","F","13","BL","MRI","MP-RAGE","Original","1/01/2000","NiFTI","Yes"
"I326838","51306","Control","M","12","BL","MRI","Matched Bandwidth Hires","Original","1/01/2000","NiFTI","Yes"
"I329255","51306","Control","M","12","BL","MRI","MP-RAGE","Original","1/01/2000","NiFTI","Yes"
"I326786","51307","Control","M","12","BL","MRI","Matched Bandwidth Hires","Original","1/01/2000","NiFTI","Yes"
"I328695","51307","Control","M","12","BL","MRI","MP-RAGE","Original","1/01/2000","NiFTI","Yes"
"I326734","51308","Control","M","10","BL","MRI","Matched Bandwidth Hires","Original","1/01/2000","NiFTI","Yes"
"I329444","51308","Control","M","10","BL","MRI","MP-RAGE","Original","1/01/2000","NiFTI","Yes"
"I326837","51309","Control","M","12","BL","MRI","Matched Bandwidth Hires","Original","1/01/2000","NiFTI","Yes"
"I328523","51309","Control","M","12","BL","MRI","MP-RAGE","Original","1/01/2000","NiFTI","Yes"
"I326685","51310","Control","M","12","BL","MRI","Matched Bandwidth Hires","Original","1/01/2000","NiFTI","Yes"
"I326769","51311","Control","M","12","BL","MRI","Matched Bandwidth Hires","Original","1/01/2000","NiFTI","Yes"
"I329152","51311","Control","M","12","BL","MRI","MP-RAGE","Original","1/01/2000","NiFTI","Yes"
"I326658","51312","Control","M","13","BL","MRI","Matched Bandwidth Hires","Original","1/01/2000","NiFTI","Yes"
"I328483","51312","Control","M","13","BL","MRI","MP-RAGE","Original","1/01/2000","NiFTI","Yes"
"I326727","51313","Control","M","13","BL","MRI","Matched Bandwidth Hires","Original","1/01/2000","NiFTI","Yes"
"I328528","51313","Control","M","13","BL","MRI","MP-RAGE","Original","1/01/2000","NiFTI","Yes"
"I326839","51314","Control","M","13","BL","MRI","Matched Bandwidth Hires","Original","1/01/2000","NiFTI","Yes"
"I329226","51314","Control","M","13","BL","MRI","MP-RAGE","Original","1/01/2000","NiFTI","Yes"
"I326752","51315","Control","M","14","BL","MRI","Matched Bandwidth Hires","Original","1/01/2000","NiFTI","Yes"
"I329330","51315","Control","M","14","BL","MRI","MP-RAGE","Original","1/01/2000","NiFTI","Yes"
"I329387","51316","Control","M","13","BL","MRI","MP-RAGE","Original","1/01/2000","NiFTI","Yes"
"I328710","51317","Autism","M","13","BL","MRI","MP-RAGE","Original","1/01/2000","NiFTI","Yes"
"I329103","51318","Autism","M","19","BL","MRI","MP-RAGE","Original","1/01/2000","NiFTI","Yes"
"I328334","51319","Autism","M","33","BL","MRI","MP-RAGE","Original","1/01/2000","NiFTI","Yes"
"I329081","51320","Autism","M","31","BL","MRI","MP-RAGE","Original","1/01/2000","NiFTI","Yes"
"I329157","51321","Autism","F","45","BL","MRI","MP-RAGE","Original","1/01/2000","NiFTI","Yes"
"I328369","51322","Autism","M","29","BL","MRI","MP-RAGE","Original","1/01/2000","NiFTI","Yes"
"I328517","51323","Autism","M","30","BL","MRI","MP-RAGE","Original","1/01/2000","NiFTI","Yes"
"I329076","51324","Autism","M","52","BL","MRI","MP-RAGE","Original","1/01/2000","NiFTI","Yes"
"I328506","51325","Autism","F","32","BL","MRI","MP-RAGE","Original","1/01/2000","NiFTI","Yes"
"I329181","51326","Autism","M","42","BL","MRI","MP-RAGE","Original","1/01/2000","NiFTI","Yes"
"I328927","51327","Autism","M","58","BL","MRI","MP-RAGE","Original","1/01/2000","NiFTI","Yes"
"I328987","51328","Autism","M","22","BL","MRI","MP-RAGE","Original","1/01/2000","NiFTI","Yes"
"I328321","51329","Autism","M","18","BL","MRI","MP-RAGE","Original","1/01/2000","NiFTI","Yes"
"I328714","51330","Autism","M","45","BL","MRI","MP-RAGE","Original","1/01/2000","NiFTI","Yes"
"I328850","51331","Autism","M","35","BL","MRI","MP-RAGE","Original","1/01/2000","NiFTI","Yes"
"I329044","51332","Control","M","23","BL","MRI","MP-RAGE","Original","1/01/2000","NiFTI","Yes"
"I328590","51333","Control","M","24","BL","MRI","MP-RAGE","Original","1/01/2000","NiFTI","Yes"
"I329372","51334","Control","M","27","BL","MRI","MP-RAGE","Original","1/01/2000","NiFTI","Yes"
"I328624","51335","Control","M","23","BL","MRI","MP-RAGE","Original","1/01/2000","NiFTI","Yes"
"I328531","51336","Control","M","26","BL","MRI","MP-RAGE","Original","1/01/2000","NiFTI","Yes"
"I329163","51338","Control","M","30","BL","MRI","MP-RAGE","Original","1/01/2000","NiFTI","Yes"
"I328834","51339","Control","M","29","BL","MRI","MP-RAGE","Original","1/01/2000","NiFTI","Yes"
"I328332","51340","Control","M","29","BL","MRI","MP-RAGE","Original","1/01/2000","NiFTI","Yes"
"I329021","51341","Control","M","29","BL","MRI","MP-RAGE","Original","1/01/2000","NiFTI","Yes"
"I329042","51342","Control","M","23","BL","MRI","MP-RAGE","Original","1/01/2000","NiFTI","Yes"
"I328584","51343","Control","M","30","BL","MRI","MP-RAGE","Original","1/01/2000","NiFTI","Yes"
"I328807","51344","Control","M","22","BL","MRI","MP-RAGE","Original","1/01/2000","NiFTI","Yes"
"I329351","51345","Control","M","35","BL","MRI","MP-RAGE","Original","1/01/2000","NiFTI","Yes"
"I329278","51346","Control","M","25","BL","MRI","MP-RAGE","Original","1/01/2000","NiFTI","Yes"
"I328456","51347","Control","M","24","BL","MRI","MP-RAGE","Original","1/01/2000","NiFTI","Yes"
"I328871","51348","Autism","M","8","BL","MRI","MP-RAGE","Original","1/01/2000","NiFTI","Yes"
"I328362","51349","Autism","M","11","BL","MRI","MP-RAGE","Original","1/01/2000","NiFTI","Yes"
"I328358","51350","Autism","M","11","BL","MRI","MP-RAGE","Original","1/01/2000","NiFTI","Yes"
"I329011","51351","Autism","M","11","BL","MRI","MP-RAGE","Original","1/01/2000","NiFTI","Yes"
"I329354","51352","Autism","M","9","BL","MRI","MP-RAGE","Original","1/01/2000","NiFTI","Yes"
"I328701","51353","Autism","M","7","BL","MRI","MP-RAGE","Original","1/01/2000","NiFTI","Yes"
"I329228","51354","Autism","M","12","BL","MRI","MP-RAGE","Original","1/01/2000","NiFTI","Yes"
"I328853","51355","Autism","M","11","BL","MRI","MP-RAGE","Original","1/01/2000","NiFTI","Yes"
"I329107","51356","Control","M","10","BL","MRI","MP-RAGE","Original","1/01/2000","NiFTI","Yes"
"I329471","51357","Control","M","11","BL","MRI","MP-RAGE","Original","1/01/2000","NiFTI","Yes"
"I328507","51358","Control","M","10","BL","MRI","MP-RAGE","Original","1/01/2000","NiFTI","Yes"
"I328658","51359","Control","M","13","BL","MRI","MP-RAGE","Original","1/01/2000","NiFTI","Yes"
"I329296","51360","Control","M","7","BL","MRI","MP-RAGE","Original","1/01/2000","NiFTI","Yes"
"I329423","51361","Control","M","16","BL","MRI","MP-RAGE","Original","1/01/2000","NiFTI","Yes"
"I328459","51362","Control","M","33","BL","MRI","MP-RAGE","Original","1/01/2000","NiFTI","Yes"
"I328544","51363","Control","M","32","BL","MRI","MP-RAGE","Original","1/01/2000","NiFTI","Yes"
"I328905","51364","Control","M","26","BL","MRI","MP-RAGE","Original","1/01/2000","NiFTI","Yes"
"I328874","51365","Control","M","23","BL","MRI","MP-RAGE","Original","1/01/2000","NiFTI","Yes"
"I329378","51366","Control","F","32","BL","MRI","MP-RAGE","Original","1/01/2000","NiFTI","Yes"
"I328404","51367","Control","M","21","BL","MRI","MP-RAGE","Original","1/01/2000","NiFTI","Yes"
"I328949","51368","Control","F","28","BL","MRI","MP-RAGE","Original","1/01/2000","NiFTI","Yes"
"I328812","51369","Control","M","32","BL","MRI","MP-RAGE","Original","1/01/2000","NiFTI","Yes"
"I328472","51370","Control","F","32","BL","MRI","MP-RAGE","Original","1/01/2000","NiFTI","Yes"
"I329327","51371","Control","M","48","BL","MRI","MP-RAGE","Original","1/01/2000","NiFTI","Yes"
"I329257","51372","Control","F","46","BL","MRI","MP-RAGE","Original","1/01/2000","NiFTI","Yes"
"I329292","51373","Control","M","46","BL","MRI","MP-RAGE","Original","1/01/2000","NiFTI","Yes"
"I329274","51456","Autism","M","55","BL","MRI","MP-RAGE","Original","1/01/2000","NiFTI","Yes"
"I329311","51457","Autism","M","23","BL","MRI","MP-RAGE","Original","1/01/2000","NiFTI","Yes"
"I329365","51458","Autism","M","39","BL","MRI","MP-RAGE","Original","1/01/2000","NiFTI","Yes"
"I329455","51459","Autism","M","23","BL","MRI","MP-RAGE","Original","1/01/2000","NiFTI","Yes"
"I328589","51460","Autism","F","35","BL","MRI","MP-RAGE","Original","1/01/2000","NiFTI","Yes"
"I328707","51461","Autism","M","38","BL","MRI","MP-RAGE","Original","1/01/2000","NiFTI","Yes"
"I329001","51462","Autism","F","20","BL","MRI","MP-RAGE","Original","1/01/2000","NiFTI","Yes"
"I328594","51463","Autism","F","20","BL","MRI","MP-RAGE","Original","1/01/2000","NiFTI","Yes"
"I329301","51464","Autism","M","21","BL","MRI","MP-RAGE","Original","1/01/2000","NiFTI","Yes"
"I328460","51465","Autism","M","20","BL","MRI","MP-RAGE","Original","1/01/2000","NiFTI","Yes"
"I329153","51466","Autism","M","28","BL","MRI","MP-RAGE","Original","1/01/2000","NiFTI","Yes"
"I328463","51467","Autism","M","23","BL","MRI","MP-RAGE","Original","1/01/2000","NiFTI","Yes"
"I328922","51468","Autism","M","20","BL","MRI","MP-RAGE","Original","1/01/2000","NiFTI","Yes"
"I328791","51469","Autism","M","45","BL","MRI","MP-RAGE","Original","1/01/2000","NiFTI","Yes"
"I328597","51470","Autism","M","29","BL","MRI","MP-RAGE","Original","1/01/2000","NiFTI","Yes"
"I329054","51471","Autism","F","22","BL","MRI","MP-RAGE","Original","1/01/2000","NiFTI","Yes"
"I328652","51472","Autism","M","18","BL","MRI","MP-RAGE","Original","1/01/2000","NiFTI","Yes"
"I328877","51473","Autism","M","21","BL","MRI","MP-RAGE","Original","1/01/2000","NiFTI","Yes"
"I328563","51474","Autism","M","21","BL","MRI","MP-RAGE","Original","1/01/2000","NiFTI","Yes"
"I329010","51475","Control","M","44","BL","MRI","MP-RAGE","Original","1/01/2000","NiFTI","Yes"
"I328824","51476","Control","M","39","BL","MRI","MP-RAGE","Original","1/01/2000","NiFTI","Yes"
"I329043","51477","Control","M","43","BL","MRI","MP-RAGE","Original","1/01/2000","NiFTI","Yes"
"I329059","51478","Control","M","20","BL","MRI","MP-RAGE","Original","1/01/2000","NiFTI","Yes"
"I328365","51479","Control","F","20","BL","MRI","MP-RAGE","Original","1/01/2000","NiFTI","Yes"
"I329360","51480","Control","F","21","BL","MRI","MP-RAGE","Original","1/01/2000","NiFTI","Yes"
"I328902","51481","Control","M","28","BL","MRI","MP-RAGE","Original","1/01/2000","NiFTI","Yes"
"I329421","51482","Control","F","21","BL","MRI","MP-RAGE","Original","1/01/2000","NiFTI","Yes"
"I328647","51483","Control","M","21","BL","MRI","MP-RAGE","Original","1/01/2000","NiFTI","Yes"
"I329324","51484","Control","M","24","BL","MRI","MP-RAGE","Original","1/01/2000","NiFTI","Yes"
"I329000","51485","Control","M","24","BL","MRI","MP-RAGE","Original","1/01/2000","NiFTI","Yes"
"I328935","51486","Control","M","22","BL","MRI","MP-RAGE","Original","1/01/2000","NiFTI","Yes"
"I329219","51487","Control","M","17","BL","MRI","MP-RAGE","Original","1/01/2000","NiFTI","Yes"
"I329158","51488","Control","M","23","BL","MRI","MP-RAGE","Original","1/01/2000","NiFTI","Yes"
"I328977","51489","Control","M","34","BL","MRI","MP-RAGE","Original","1/01/2000","NiFTI","Yes"
"I328403","51490","Control","M","44","BL","MRI","MP-RAGE","Original","1/01/2000","NiFTI","Yes"
"I329218","51491","Control","M","56","BL","MRI","MP-RAGE","Original","1/01/2000","NiFTI","Yes"
"I328333","51492","Control","M","19","BL","MRI","MP-RAGE","Original","1/01/2000","NiFTI","Yes"
"I328455","51493","Control","F","29","BL","MRI","MP-RAGE","Original","1/01/2000","NiFTI","Yes"
"I328448","51556","Control","M","20","BL","MRI","MP-RAGE","Original","1/01/2000","NiFTI","Yes"
"I328390","51557","Control","M","26","BL","MRI","MP-RAGE","Original","1/01/2000","NiFTI","Yes"
"I329352","51558","Control","M","27","BL","MRI","MP-RAGE","Original","1/01/2000","NiFTI","Yes"
"I328379","51559","Control","M","27","BL","MRI","MP-RAGE","Original","1/01/2000","NiFTI","Yes"
"I329314","51560","Control","M","27","BL","MRI","MP-RAGE","Original","1/01/2000","NiFTI","Yes"
"I329227","51561","Control","M","36","BL","MRI","MP-RAGE","Original","1/01/2000","NiFTI","Yes"
"I328445","51562","Control","M","37","BL","MRI","MP-RAGE","Original","1/01/2000","NiFTI","Yes"
"I328849","51563","Control","M","38","BL","MRI","MP-RAGE","Original","1/01/2000","NiFTI","Yes"
"I328801","51564","Control","M","39","BL","MRI","MP-RAGE","Original","1/01/2000","NiFTI","Yes"
"I329150","51565","Control","M","39","BL","MRI","MP-RAGE","Original","1/01/2000","NiFTI","Yes"
"I329127","51566","Control","M","41","BL","MRI","MP-RAGE","Original","1/01/2000","NiFTI","Yes"
"I329120","51567","Control","M","34","BL","MRI","MP-RAGE","Original","1/01/2000","NiFTI","Yes"
"I328478","51568","Control","M","37","BL","MRI","MP-RAGE","Original","1/01/2000","NiFTI","Yes"
"I329230","51569","Control","M","36","BL","MRI","MP-RAGE","Original","1/01/2000","NiFTI","Yes"
"I329382","51570","Control","M","42","BL","MRI","MP-RAGE","Original","1/01/2000","NiFTI","Yes"
"I329068","51571","Autism","M","22","BL","MRI","MP-RAGE","Original","1/01/2000","NiFTI","Yes"
"I329207","51572","Autism","M","28","BL","MRI","MP-RAGE","Original","1/01/2000","NiFTI","Yes"
"I329101","51573","Autism","M","30","BL","MRI","MP-RAGE","Original","1/01/2000","NiFTI","Yes"
"I328746","51574","Autism","M","30","BL","MRI","MP-RAGE","Original","1/01/2000","NiFTI","Yes"
"I329091","51575","Autism","M","31","BL","MRI","MP-RAGE","Original","1/01/2000","NiFTI","Yes"
"I328543","51576","Autism","M","31","BL","MRI","MP-RAGE","Original","1/01/2000","NiFTI","Yes"
"I328500","51577","Autism","M","31","BL","MRI","MP-RAGE","Original","1/01/2000","NiFTI","Yes"
"I328581","51578","Autism","M","33","BL","MRI","MP-RAGE","Original","1/01/2000","NiFTI","Yes"
"I329320","51579","Autism","M","41","BL","MRI","MP-RAGE","Original","1/01/2000","NiFTI","Yes"
"I329033","51580","Autism","M","42","BL","MRI","MP-RAGE","Original","1/01/2000","NiFTI","Yes"
"I328841","51581","Autism","M","64","BL","MRI","MP-RAGE","Original","1/01/2000","NiFTI","Yes"
"I329436","51582","Autism","M","31","BL","MRI","MP-RAGE","Original","1/01/2000","NiFTI","Yes"
"I329304","51583","Autism","M","35","BL","MRI","MP-RAGE","Original","1/01/2000","NiFTI","Yes"
"I328412","51584","Autism","M","49","BL","MRI","MP-RAGE","Original","1/01/2000","NiFTI","Yes"
"I328864","51585","Autism","M","27","BL","MRI","MP-RAGE","Original","1/01/2000","NiFTI","Yes"
"I328401","51606","Autism","F","29","BL","MRI","MP-RAGE","Original","1/01/2000","NiFTI","Yes"
"I329286","51607","Autism","M","26","BL","MRI","MP-RAGE","Original","1/01/2000","NiFTI","Yes"
